
2026-06-01 16:06:07,538 - services - beneficial_cashback - DEBUG - Делай раз - дата фрейм всех транзакций -             Дата операции  ... Сумма операции с округлением
0     31.12.2021 16:44:00  ...                       160.89
1     31.12.2021 16:42:04  ...                        64.00
2     31.12.2021 16:39:04  ...                       118.12
3     31.12.2021 15:44:39  ...                        78.05
4     31.12.2021 01:23:42  ...                       564.00
...                   ...  ...                          ...
6700  04.01.2018 14:05:08  ...                      1065.90
6701  03.01.2018 15:03:35  ...                        73.06
6702  03.01.2018 14:55:21  ...                        21.00
6703  01.01.2018 20:27:51  ...                       316.00
6704  01.01.2018 12:49:53  ...                      3000.00

[6705 rows x 15 columns]
2026-06-01 16:06:07,543 - services - beneficial_cashback - DEBUG - Делай два - дата фрейм с исследуемым годом и месяцем - 6091   2018-05-30
6092   2018-05-31
6093   2018-05-31
6094   2018-05-31
6095   2018-05-30
          ...    
6244   2018-05-02
6245   2018-05-02
6246   2018-05-01
6248   2018-05-04
6249   2018-05-01
Name: Дата платежа, Length: 158, dtype: datetime64[us]
2026-06-01 16:06:07,543 - services - beneficial_cashback - DEBUG - Делай три - создан список категорий без повторений - <StringArray>
[    'Услуги банка',     'Супермаркеты',            'Связь',
        'Транспорт', 'Различные товары',       'Ж/д билеты',
        'Рестораны',          'Фастфуд',       'Пополнения',
         'Наличные',         'Переводы',            'Отели',
   'Одежда и обувь',      'Образование',           'Сервис',
         'Сувениры',           'Бонусы',           'Аптеки',
          'Красота',          'Топливо',              'НКО',
           'Другое',          'Финансы']
Length: 23, dtype: str
2026-06-01 16:06:07,549 - services - beneficial_cashback - DEBUG - Делай четыре - получаем транзакции по очередной категории Услуги банка =             Дата операции  ... Сумма операции с округлением
6091  30.05.2018 00:00:00  ...                       1890.0
6098  29.05.2018 00:00:00  ...                         59.0

[2 rows x 15 columns]
2026-06-01 16:06:07,555 - services - beneficial_cashback - DEBUG - Делай пять - избавляемся от минуса Услуги банка =             Дата операции  ... Сумма операции с округлением
6091  30.05.2018 00:00:00  ...                       1890.0
6098  29.05.2018 00:00:00  ...                         59.0

[2 rows x 15 columns]
2026-06-01 16:12:37,176 - services - beneficial_cashback - DEBUG - Делай раз - дата фрейм всех транзакций -             Дата операции  ... Сумма операции с округлением
0     31.12.2021 16:44:00  ...                       160.89
1     31.12.2021 16:42:04  ...                        64.00
2     31.12.2021 16:39:04  ...                       118.12
3     31.12.2021 15:44:39  ...                        78.05
4     31.12.2021 01:23:42  ...                       564.00
...                   ...  ...                          ...
6700  04.01.2018 14:05:08  ...                      1065.90
6701  03.01.2018 15:03:35  ...                        73.06
6702  03.01.2018 14:55:21  ...                        21.00
6703  01.01.2018 20:27:51  ...                       316.00
6704  01.01.2018 12:49:53  ...                      3000.00

[6705 rows x 15 columns]
2026-06-01 16:12:37,180 - services - beneficial_cashback - DEBUG - Делай два - дата фрейм с исследуемым годом и месяцем - 6091   2018-05-30
6092   2018-05-31
6093   2018-05-31
6094   2018-05-31
6095   2018-05-30
          ...    
6244   2018-05-02
6245   2018-05-02
6246   2018-05-01
6248   2018-05-04
6249   2018-05-01
Name: Дата платежа, Length: 158, dtype: datetime64[us]
2026-06-01 16:12:37,180 - services - beneficial_cashback - DEBUG - Делай три - создан список категорий без повторений - <StringArray>
[    'Услуги банка',     'Супермаркеты',            'Связь',
        'Транспорт', 'Различные товары',       'Ж/д билеты',
        'Рестораны',          'Фастфуд',       'Пополнения',
         'Наличные',         'Переводы',            'Отели',
   'Одежда и обувь',      'Образование',           'Сервис',
         'Сувениры',           'Бонусы',           'Аптеки',
          'Красота',          'Топливо',              'НКО',
           'Другое',          'Финансы']
Length: 23, dtype: str
2026-06-01 16:12:37,186 - services - beneficial_cashback - DEBUG - Делай четыре - получаем транзакции по очередной категории Услуги банка =             Дата операции  ... Сумма операции с округлением
6091  30.05.2018 00:00:00  ...                       1890.0
6098  29.05.2018 00:00:00  ...                         59.0

[2 rows x 15 columns]
2026-06-01 16:12:37,191 - services - beneficial_cashback - DEBUG - Делай пять - избавляемся от минуса Услуги банка =             Дата операции  ... Сумма операции с округлением
6091  30.05.2018 00:00:00  ...                       1890.0
6098  29.05.2018 00:00:00  ...                         59.0

[2 rows x 15 columns]
2026-06-01 16:12:37,191 - services - beneficial_cashback - DEBUG - Делай шесть - получаем сумму по категории Услуги банка = 1949.0
2026-06-01 16:12:37,191 - services - beneficial_cashback - DEBUG - Делай семь - добавляем в словарь очередную категорию и расходы по ней {'Услуги банка': np.float64(1949.0)}
2026-06-01 16:12:37,201 - services - beneficial_cashback - DEBUG - Делай четыре - получаем транзакции по очередной категории Супермаркеты =             Дата операции  ... Сумма операции с округлением
6092  29.05.2018 22:29:19  ...                       106.60
6093  29.05.2018 22:20:20  ...                       238.60
6094  29.05.2018 17:39:23  ...                       149.40
6096  29.05.2018 15:58:44  ...                        49.80
6097  29.05.2018 13:30:15  ...                       331.71
6099  28.05.2018 23:38:35  ...                       129.72
6103  27.05.2018 15:16:54  ...                       399.00
6104  27.05.2018 13:35:45  ...                       295.80
6111  26.05.2018 15:40:40  ...                       126.80
6112  25.05.2018 17:29:11  ...                       250.00
6113  25.05.2018 17:21:41  ...                       193.70
6117  24.05.2018 22:38:54  ...                       191.50
6119  24.05.2018 09:55:58  ...                       445.39
6125  23.05.2018 10:28:27  ...                       157.25
6127  22.05.2018 18:15:12  ...                        69.60
6128  22.05.2018 16:44:05  ...                      2465.36
6131  22.05.2018 13:05:56  ...                        54.55
6132  22.05.2018 11:20:33  ...                       278.39
6136  21.05.2018 00:00:00  ...                       221.88
6137  21.05.2018 00:00:00  ...                        45.00
6142  20.05.2018 14:34:52  ...                       326.53
6144  20.05.2018 12:48:01  ...                        21.73
6146  19.05.2018 16:38:52  ...                        27.39
6147  19.05.2018 14:45:40  ...                        21.66
6148  19.05.2018 12:37:10  ...                       193.65
6149  19.05.2018 10:13:32  ...                        83.45
6150  18.05.2018 17:32:43  ...                        61.15
6152  18.05.2018 15:34:33  ...                        28.67
6153  18.05.2018 12:00:44  ...                        83.45
6155  17.05.2018 19:08:25  ...                       118.72
6156  17.05.2018 18:24:53  ...                       143.96
6160  17.05.2018 15:15:14  ...                       293.02
6162  17.05.2018 12:27:06  ...                        21.47
6165  16.05.2018 16:48:01  ...                       172.40
6167  16.05.2018 13:47:41  ...                       108.53
6168  16.05.2018 12:57:28  ...                       279.53
6171  15.05.2018 15:53:27  ...                        54.10
6174  15.05.2018 12:31:04  ...                        43.92
6177  14.05.2018 00:00:00  ...                        39.82
6178  14.05.2018 00:00:00  ...                        51.82
6182  13.05.2018 18:40:15  ...                       512.41
6185  13.05.2018 08:54:16  ...                       162.41
6195  11.05.2018 17:27:32  ...                       178.57
6201  10.05.2018 14:49:30  ...                       242.99
6203  09.05.2018 21:15:41  ...                       285.00
6210  08.05.2018 19:34:15  ...                        44.79
6213  07.05.2018 17:40:52  ...                       181.60
6218  06.05.2018 00:00:00  ...                       250.00
6219  05.05.2018 20:52:23  ...                       250.00
6220  05.05.2018 20:27:42  ...                       285.09
6221  05.05.2018 15:52:43  ...                        69.80
6226  04.05.2018 21:07:21  ...                        38.59
6228  03.05.2018 15:19:06  ...                       368.30
6233  02.05.2018 18:28:38  ...                       221.27
6236  01.05.2018 22:06:23  ...                       416.30
6243  30.04.2018 13:09:05  ...                       116.16
6244  29.04.2018 18:57:14  ...                        88.80
6245  29.04.2018 14:17:39  ...                       220.27
6248  28.04.2018 18:17:43  ...                        61.40

[59 rows x 15 columns]
2026-06-01 16:12:37,211 - services - beneficial_cashback - DEBUG - Делай пять - избавляемся от минуса Супермаркеты =             Дата операции  ... Сумма операции с округлением
6092  29.05.2018 22:29:19  ...                       106.60
6093  29.05.2018 22:20:20  ...                       238.60
6094  29.05.2018 17:39:23  ...                       149.40
6096  29.05.2018 15:58:44  ...                        49.80
6097  29.05.2018 13:30:15  ...                       331.71
6099  28.05.2018 23:38:35  ...                       129.72
6103  27.05.2018 15:16:54  ...                       399.00
6104  27.05.2018 13:35:45  ...                       295.80
6111  26.05.2018 15:40:40  ...                       126.80
6112  25.05.2018 17:29:11  ...                       250.00
6113  25.05.2018 17:21:41  ...                       193.70
6117  24.05.2018 22:38:54  ...                       191.50
6119  24.05.2018 09:55:58  ...                       445.39
6125  23.05.2018 10:28:27  ...                       157.25
6127  22.05.2018 18:15:12  ...                        69.60
6128  22.05.2018 16:44:05  ...                      2465.36
6131  22.05.2018 13:05:56  ...                        54.55
6132  22.05.2018 11:20:33  ...                       278.39
6136  21.05.2018 00:00:00  ...                       221.88
6137  21.05.2018 00:00:00  ...                        45.00
6142  20.05.2018 14:34:52  ...                       326.53
6144  20.05.2018 12:48:01  ...                        21.73
6146  19.05.2018 16:38:52  ...                        27.39
6147  19.05.2018 14:45:40  ...                        21.66
6148  19.05.2018 12:37:10  ...                       193.65
6149  19.05.2018 10:13:32  ...                        83.45
6150  18.05.2018 17:32:43  ...                        61.15
6152  18.05.2018 15:34:33  ...                        28.67
6153  18.05.2018 12:00:44  ...                        83.45
6155  17.05.2018 19:08:25  ...                       118.72
6156  17.05.2018 18:24:53  ...                       143.96
6160  17.05.2018 15:15:14  ...                       293.02
6162  17.05.2018 12:27:06  ...                        21.47
6165  16.05.2018 16:48:01  ...                       172.40
6167  16.05.2018 13:47:41  ...                       108.53
6168  16.05.2018 12:57:28  ...                       279.53
6171  15.05.2018 15:53:27  ...                        54.10
6174  15.05.2018 12:31:04  ...                        43.92
6177  14.05.2018 00:00:00  ...                        39.82
6178  14.05.2018 00:00:00  ...                        51.82
6182  13.05.2018 18:40:15  ...                       512.41
6185  13.05.2018 08:54:16  ...                       162.41
6195  11.05.2018 17:27:32  ...                       178.57
6201  10.05.2018 14:49:30  ...                       242.99
6203  09.05.2018 21:15:41  ...                       285.00
6210  08.05.2018 19:34:15  ...                        44.79
6213  07.05.2018 17:40:52  ...                       181.60
6218  06.05.2018 00:00:00  ...                       250.00
6219  05.05.2018 20:52:23  ...                       250.00
6220  05.05.2018 20:27:42  ...                       285.09
6221  05.05.2018 15:52:43  ...                        69.80
6226  04.05.2018 21:07:21  ...                        38.59
6228  03.05.2018 15:19:06  ...                       368.30
6233  02.05.2018 18:28:38  ...                       221.27
6236  01.05.2018 22:06:23  ...                       416.30
6243  30.04.2018 13:09:05  ...                       116.16
6244  29.04.2018 18:57:14  ...                        88.80
6245  29.04.2018 14:17:39  ...                       220.27
6248  28.04.2018 18:17:43  ...                        61.40

[59 rows x 15 columns]
2026-06-01 16:12:37,211 - services - beneficial_cashback - DEBUG - Делай шесть - получаем сумму по категории Супермаркеты = 12368.769999999999
2026-06-01 16:12:37,211 - services - beneficial_cashback - DEBUG - Делай семь - добавляем в словарь очередную категорию и расходы по ней {'Услуги банка': np.float64(1949.0), 'Супермаркеты': np.float64(12368.769999999999)}
2026-06-01 16:12:37,217 - services - beneficial_cashback - DEBUG - Делай четыре - получаем транзакции по очередной категории Связь =             Дата операции  ... Сумма операции с округлением
6095  29.05.2018 16:11:17  ...                        250.0
6100  28.05.2018 00:00:00  ...                        200.0
6101  28.05.2018 00:00:00  ...                        500.0
6232  03.05.2018 01:20:20  ...                        250.0

[4 rows x 15 columns]
2026-06-01 16:12:37,222 - services - beneficial_cashback - DEBUG - Делай пять - избавляемся от минуса Связь =             Дата операции  ... Сумма операции с округлением
6095  29.05.2018 16:11:17  ...                        250.0
6100  28.05.2018 00:00:00  ...                        200.0
6101  28.05.2018 00:00:00  ...                        500.0
6232  03.05.2018 01:20:20  ...                        250.0

[4 rows x 15 columns]
2026-06-01 16:12:37,222 - services - beneficial_cashback - DEBUG - Делай шесть - получаем сумму по категории Связь = 1200.0
2026-06-01 16:12:37,222 - services - beneficial_cashback - DEBUG - Делай семь - добавляем в словарь очередную категорию и расходы по ней {'Услуги банка': np.float64(1949.0), 'Супермаркеты': np.float64(12368.769999999999), 'Связь': np.float64(1200.0)}
2026-06-01 16:12:37,228 - services - beneficial_cashback - DEBUG - Делай четыре - получаем транзакции по очередной категории Транспорт =             Дата операции  ... Сумма операции с округлением
6102  28.05.2018 00:00:00  ...                        485.0
6116  25.05.2018 00:00:00  ...                       1533.0
6202  10.05.2018 03:11:53  ...                       1482.0

[3 rows x 15 columns]
2026-06-01 16:12:37,233 - services - beneficial_cashback - DEBUG - Делай пять - избавляемся от минуса Транспорт =             Дата операции  ... Сумма операции с округлением
6102  28.05.2018 00:00:00  ...                        485.0
6116  25.05.2018 00:00:00  ...                       1533.0
6202  10.05.2018 03:11:53  ...                       1482.0

[3 rows x 15 columns]
2026-06-01 16:12:37,233 - services - beneficial_cashback - DEBUG - Делай шесть - получаем сумму по категории Транспорт = 3500.0
2026-06-01 16:12:37,233 - services - beneficial_cashback - DEBUG - Делай семь - добавляем в словарь очередную категорию и расходы по ней {'Услуги банка': np.float64(1949.0), 'Супермаркеты': np.float64(12368.769999999999), 'Связь': np.float64(1200.0), 'Транспорт': np.float64(3500.0)}
2026-06-01 16:12:37,239 - services - beneficial_cashback - DEBUG - Делай четыре - получаем транзакции по очередной категории Различные товары =             Дата операции  ... Сумма операции с округлением
6105  27.05.2018 13:29:06  ...                         46.0
6215  07.05.2018 16:45:11  ...                       1602.4

[2 rows x 15 columns]
2026-06-01 16:12:37,244 - services - beneficial_cashback - DEBUG - Делай пять - избавляемся от минуса Различные товары =             Дата операции  ... Сумма операции с округлением
6105  27.05.2018 13:29:06  ...                         46.0
6215  07.05.2018 16:45:11  ...                       1602.4

[2 rows x 15 columns]
2026-06-01 16:12:37,244 - services - beneficial_cashback - DEBUG - Делай шесть - получаем сумму по категории Различные товары = 1648.4
2026-06-01 16:12:37,244 - services - beneficial_cashback - DEBUG - Делай семь - добавляем в словарь очередную категорию и расходы по ней {'Услуги банка': np.float64(1949.0), 'Супермаркеты': np.float64(12368.769999999999), 'Связь': np.float64(1200.0), 'Транспорт': np.float64(3500.0), 'Различные товары': np.float64(1648.4)}
2026-06-01 16:12:37,250 - services - beneficial_cashback - DEBUG - Делай четыре - получаем транзакции по очередной категории Ж/д билеты =             Дата операции  ... Сумма операции с округлением
6106  27.05.2018 12:57:41  ...                        300.0
6107  27.05.2018 07:19:02  ...                         45.0
6109  26.05.2018 18:30:22  ...                         40.0
6115  25.05.2018 14:49:12  ...                        360.0
6207  09.05.2018 11:46:17  ...                        114.0
6225  05.05.2018 11:04:33  ...                        360.0
6237  01.05.2018 19:39:19  ...                        208.0

[7 rows x 15 columns]
2026-06-01 16:12:37,255 - services - beneficial_cashback - DEBUG - Делай пять - избавляемся от минуса Ж/д билеты =             Дата операции  ... Сумма операции с округлением
6106  27.05.2018 12:57:41  ...                        300.0
6107  27.05.2018 07:19:02  ...                         45.0
6109  26.05.2018 18:30:22  ...                         40.0
6115  25.05.2018 14:49:12  ...                        360.0
6207  09.05.2018 11:46:17  ...                        114.0
6225  05.05.2018 11:04:33  ...                        360.0
6237  01.05.2018 19:39:19  ...                        208.0

[7 rows x 15 columns]
2026-06-01 16:12:37,255 - services - beneficial_cashback - DEBUG - Делай шесть - получаем сумму по категории Ж/д билеты = 1427.0
2026-06-01 16:12:37,256 - services - beneficial_cashback - DEBUG - Делай семь - добавляем в словарь очередную категорию и расходы по ней {'Услуги банка': np.float64(1949.0), 'Супермаркеты': np.float64(12368.769999999999), 'Связь': np.float64(1200.0), 'Транспорт': np.float64(3500.0), 'Различные товары': np.float64(1648.4), 'Ж/д билеты': np.float64(1427.0)}
2026-06-01 16:12:37,263 - services - beneficial_cashback - DEBUG - Делай четыре - получаем транзакции по очередной категории Рестораны =             Дата операции  ... Сумма операции с округлением
6108  27.05.2018 00:00:00  ...                       345.00
6124  23.05.2018 12:33:02  ...                        53.88
6126  22.05.2018 22:06:18  ...                        27.59
6129  22.05.2018 15:46:21  ...                        55.18
6133  21.05.2018 21:52:51  ...                       277.13
6135  21.05.2018 00:00:00  ...                        55.63
6138  21.05.2018 00:00:00  ...                       122.50
6141  20.05.2018 17:47:46  ...                       245.38
6145  19.05.2018 22:23:05  ...                       362.31
6151  18.05.2018 17:10:05  ...                       119.12
6157  17.05.2018 17:53:20  ...                       663.75
6163  16.05.2018 23:04:38  ...                       258.92
6166  16.05.2018 15:32:51  ...                      1368.46
6172  15.05.2018 14:53:40  ...                       601.49
6176  14.05.2018 17:52:40  ...                      1262.82
6183  13.05.2018 18:15:19  ...                       130.94
6186  12.05.2018 19:23:00  ...                       118.98
6188  12.05.2018 17:10:15  ...                      1198.57
6194  11.05.2018 18:00:37  ...                       179.84
6196  11.05.2018 15:24:37  ...                       111.69

[20 rows x 15 columns]
2026-06-01 16:12:37,269 - services - beneficial_cashback - DEBUG - Делай пять - избавляемся от минуса Рестораны =             Дата операции  ... Сумма операции с округлением
6108  27.05.2018 00:00:00  ...                       345.00
6124  23.05.2018 12:33:02  ...                        53.88
6126  22.05.2018 22:06:18  ...                        27.59
6129  22.05.2018 15:46:21  ...                        55.18
6133  21.05.2018 21:52:51  ...                       277.13
6135  21.05.2018 00:00:00  ...                        55.63
6138  21.05.2018 00:00:00  ...                       122.50
6141  20.05.2018 17:47:46  ...                       245.38
6145  19.05.2018 22:23:05  ...                       362.31
6151  18.05.2018 17:10:05  ...                       119.12
6157  17.05.2018 17:53:20  ...                       663.75
6163  16.05.2018 23:04:38  ...                       258.92
6166  16.05.2018 15:32:51  ...                      1368.46
6172  15.05.2018 14:53:40  ...                       601.49
6176  14.05.2018 17:52:40  ...                      1262.82
6183  13.05.2018 18:15:19  ...                       130.94
6186  12.05.2018 19:23:00  ...                       118.98
6188  12.05.2018 17:10:15  ...                      1198.57
6194  11.05.2018 18:00:37  ...                       179.84
6196  11.05.2018 15:24:37  ...                       111.69

[20 rows x 15 columns]
2026-06-01 16:12:37,270 - services - beneficial_cashback - DEBUG - Делай шесть - получаем сумму по категории Рестораны = 7559.179999999999
2026-06-01 16:12:37,270 - services - beneficial_cashback - DEBUG - Делай семь - добавляем в словарь очередную категорию и расходы по ней {'Услуги банка': np.float64(1949.0), 'Супермаркеты': np.float64(12368.769999999999), 'Связь': np.float64(1200.0), 'Транспорт': np.float64(3500.0), 'Различные товары': np.float64(1648.4), 'Ж/д билеты': np.float64(1427.0), 'Рестораны': np.float64(7559.179999999999)}
2026-06-01 16:12:37,276 - services - beneficial_cashback - DEBUG - Делай четыре - получаем транзакции по очередной категории Фастфуд =             Дата операции  ... Сумма операции с округлением
6110  26.05.2018 17:08:35  ...                       389.00
6200  10.05.2018 15:04:24  ...                       430.58
6204  09.05.2018 13:55:13  ...                       145.00
6205  09.05.2018 13:44:00  ...                       328.00
6212  08.05.2018 11:37:29  ...                       170.90
6214  07.05.2018 16:55:51  ...                       221.80
6216  07.05.2018 13:05:55  ...                       285.00
6222  05.05.2018 14:35:40  ...                        55.90
6223  05.05.2018 14:32:07  ...                       331.80
6227  04.05.2018 14:00:49  ...                       315.00
6229  03.05.2018 14:11:19  ...                       275.00
6234  02.05.2018 16:26:23  ...                        58.00
6235  02.05.2018 15:28:35  ...                       389.00
6239  01.05.2018 16:50:49  ...                        69.90
6240  01.05.2018 16:49:16  ...                       296.80
6241  30.04.2018 17:49:25  ...                       389.00
6246  29.04.2018 11:30:29  ...                       250.00
6249  28.04.2018 16:56:24  ...                       170.90

[18 rows x 15 columns]
2026-06-01 16:12:37,283 - services - beneficial_cashback - DEBUG - Делай пять - избавляемся от минуса Фастфуд =             Дата операции  ... Сумма операции с округлением
6110  26.05.2018 17:08:35  ...                       389.00
6200  10.05.2018 15:04:24  ...                       430.58
6204  09.05.2018 13:55:13  ...                       145.00
6205  09.05.2018 13:44:00  ...                       328.00
6212  08.05.2018 11:37:29  ...                       170.90
6214  07.05.2018 16:55:51  ...                       221.80
6216  07.05.2018 13:05:55  ...                       285.00
6222  05.05.2018 14:35:40  ...                        55.90
6223  05.05.2018 14:32:07  ...                       331.80
6227  04.05.2018 14:00:49  ...                       315.00
6229  03.05.2018 14:11:19  ...                       275.00
6234  02.05.2018 16:26:23  ...                        58.00
6235  02.05.2018 15:28:35  ...                       389.00
6239  01.05.2018 16:50:49  ...                        69.90
6240  01.05.2018 16:49:16  ...                       296.80
6241  30.04.2018 17:49:25  ...                       389.00
6246  29.04.2018 11:30:29  ...                       250.00
6249  28.04.2018 16:56:24  ...                       170.90

[18 rows x 15 columns]
2026-06-01 16:12:37,283 - services - beneficial_cashback - DEBUG - Делай шесть - получаем сумму по категории Фастфуд = 4571.58
2026-06-01 16:12:37,283 - services - beneficial_cashback - DEBUG - Делай семь - добавляем в словарь очередную категорию и расходы по ней {'Услуги банка': np.float64(1949.0), 'Супермаркеты': np.float64(12368.769999999999), 'Связь': np.float64(1200.0), 'Транспорт': np.float64(3500.0), 'Различные товары': np.float64(1648.4), 'Ж/д билеты': np.float64(1427.0), 'Рестораны': np.float64(7559.179999999999), 'Фастфуд': np.float64(4571.58)}
2026-06-01 16:12:37,289 - services - beneficial_cashback - DEBUG - Делай четыре - получаем транзакции по очередной категории Пополнения =             Дата операции  ... Сумма операции с округлением
6114  25.05.2018 16:47:10  ...                      18200.0
6208  08.05.2018 21:07:17  ...                      12006.4
6209  08.05.2018 21:05:59  ...                      30000.0

[3 rows x 15 columns]
2026-06-01 16:12:37,294 - services - beneficial_cashback - DEBUG - Делай пять - избавляемся от минуса Пополнения =             Дата операции  ... Сумма операции с округлением
6114  25.05.2018 16:47:10  ...                      18200.0
6208  08.05.2018 21:07:17  ...                      12006.4
6209  08.05.2018 21:05:59  ...                      30000.0

[3 rows x 15 columns]
2026-06-01 16:12:37,294 - services - beneficial_cashback - DEBUG - Делай шесть - получаем сумму по категории Пополнения = 60206.4
2026-06-01 16:12:37,294 - services - beneficial_cashback - DEBUG - Делай семь - добавляем в словарь очередную категорию и расходы по ней {'Услуги банка': np.float64(1949.0), 'Супермаркеты': np.float64(12368.769999999999), 'Связь': np.float64(1200.0), 'Транспорт': np.float64(3500.0), 'Различные товары': np.float64(1648.4), 'Ж/д билеты': np.float64(1427.0), 'Рестораны': np.float64(7559.179999999999), 'Фастфуд': np.float64(4571.58), 'Пополнения': np.float64(60206.4)}
2026-06-01 16:12:37,299 - services - beneficial_cashback - DEBUG - Делай четыре - получаем транзакции по очередной категории Наличные =             Дата операции  ... Сумма операции с округлением
6118  24.05.2018 12:54:03  ...                       3000.0
6122  23.05.2018 19:02:38  ...                       3132.5
6154  17.05.2018 21:22:29  ...                       3157.5
6187  12.05.2018 19:02:09  ...                       3147.5
6211  08.05.2018 18:54:18  ...                       3000.0

[5 rows x 15 columns]
2026-06-01 16:12:37,305 - services - beneficial_cashback - DEBUG - Делай пять - избавляемся от минуса Наличные =             Дата операции  ... Сумма операции с округлением
6118  24.05.2018 12:54:03  ...                       3000.0
6122  23.05.2018 19:02:38  ...                       3132.5
6154  17.05.2018 21:22:29  ...                       3157.5
6187  12.05.2018 19:02:09  ...                       3147.5
6211  08.05.2018 18:54:18  ...                       3000.0

[5 rows x 15 columns]
2026-06-01 16:12:37,305 - services - beneficial_cashback - DEBUG - Делай шесть - получаем сумму по категории Наличные = 15437.5
2026-06-01 16:12:37,305 - services - beneficial_cashback - DEBUG - Делай семь - добавляем в словарь очередную категорию и расходы по ней {'Услуги банка': np.float64(1949.0), 'Супермаркеты': np.float64(12368.769999999999), 'Связь': np.float64(1200.0), 'Транспорт': np.float64(3500.0), 'Различные товары': np.float64(1648.4), 'Ж/д билеты': np.float64(1427.0), 'Рестораны': np.float64(7559.179999999999), 'Фастфуд': np.float64(4571.58), 'Пополнения': np.float64(60206.4), 'Наличные': np.float64(15437.5)}
2026-06-01 16:12:37,310 - services - beneficial_cashback - DEBUG - Делай четыре - получаем транзакции по очередной категории Переводы =             Дата операции  ... Сумма операции с округлением
6120  23.05.2018 23:37:23  ...                     34427.66
6121  23.05.2018 23:37:21  ...                     34427.66
6206  09.05.2018 13:38:54  ...                       164.00
6238  01.05.2018 17:07:55  ...                       600.00

[4 rows x 15 columns]
2026-06-01 16:12:37,316 - services - beneficial_cashback - DEBUG - Делай пять - избавляемся от минуса Переводы =             Дата операции  ... Сумма операции с округлением
6120  23.05.2018 23:37:23  ...                     34427.66
6121  23.05.2018 23:37:21  ...                     34427.66
6206  09.05.2018 13:38:54  ...                       164.00
6238  01.05.2018 17:07:55  ...                       600.00

[4 rows x 15 columns]
2026-06-01 16:12:37,316 - services - beneficial_cashback - DEBUG - Делай шесть - получаем сумму по категории Переводы = 69619.32
2026-06-01 16:12:37,316 - services - beneficial_cashback - DEBUG - Делай семь - добавляем в словарь очередную категорию и расходы по ней {'Услуги банка': np.float64(1949.0), 'Супермаркеты': np.float64(12368.769999999999), 'Связь': np.float64(1200.0), 'Транспорт': np.float64(3500.0), 'Различные товары': np.float64(1648.4), 'Ж/д билеты': np.float64(1427.0), 'Рестораны': np.float64(7559.179999999999), 'Фастфуд': np.float64(4571.58), 'Пополнения': np.float64(60206.4), 'Наличные': np.float64(15437.5), 'Переводы': np.float64(69619.32)}
2026-06-01 16:12:37,324 - services - beneficial_cashback - DEBUG - Делай четыре - получаем транзакции по очередной категории Отели =             Дата операции  ... Сумма операции с округлением
6123  23.05.2018 15:24:51  ...                       134.70
6130  22.05.2018 14:28:52  ...                       138.57
6134  21.05.2018 00:00:00  ...                       140.00
6143  20.05.2018 14:24:16  ...                       332.92
6175  15.05.2018 12:25:19  ...                       381.90
6180  14.05.2018 00:00:00  ...                       148.52
6181  14.05.2018 00:00:00  ...                       148.52
6184  13.05.2018 09:19:15  ...                       344.97
6190  12.05.2018 13:20:34  ...                       150.18
6191  12.05.2018 10:31:38  ...                        44.80
6192  12.05.2018 10:27:58  ...                       390.59
6193  11.05.2018 18:33:08  ...                       150.18
6198  11.05.2018 10:15:26  ...                       150.18
6199  10.05.2018 15:49:58  ...                       150.18

[14 rows x 15 columns]
2026-06-01 16:12:37,331 - services - beneficial_cashback - DEBUG - Делай пять - избавляемся от минуса Отели =             Дата операции  ... Сумма операции с округлением
6123  23.05.2018 15:24:51  ...                       134.70
6130  22.05.2018 14:28:52  ...                       138.57
6134  21.05.2018 00:00:00  ...                       140.00
6143  20.05.2018 14:24:16  ...                       332.92
6175  15.05.2018 12:25:19  ...                       381.90
6180  14.05.2018 00:00:00  ...                       148.52
6181  14.05.2018 00:00:00  ...                       148.52
6184  13.05.2018 09:19:15  ...                       344.97
6190  12.05.2018 13:20:34  ...                       150.18
6191  12.05.2018 10:31:38  ...                        44.80
6192  12.05.2018 10:27:58  ...                       390.59
6193  11.05.2018 18:33:08  ...                       150.18
6198  11.05.2018 10:15:26  ...                       150.18
6199  10.05.2018 15:49:58  ...                       150.18

[14 rows x 15 columns]
2026-06-01 16:12:37,331 - services - beneficial_cashback - DEBUG - Делай шесть - получаем сумму по категории Отели = 2806.2099999999996
2026-06-01 16:12:37,331 - services - beneficial_cashback - DEBUG - Делай семь - добавляем в словарь очередную категорию и расходы по ней {'Услуги банка': np.float64(1949.0), 'Супермаркеты': np.float64(12368.769999999999), 'Связь': np.float64(1200.0), 'Транспорт': np.float64(3500.0), 'Различные товары': np.float64(1648.4), 'Ж/д билеты': np.float64(1427.0), 'Рестораны': np.float64(7559.179999999999), 'Фастфуд': np.float64(4571.58), 'Пополнения': np.float64(60206.4), 'Наличные': np.float64(15437.5), 'Переводы': np.float64(69619.32), 'Отели': np.float64(2806.2099999999996)}
2026-06-01 16:12:37,337 - services - beneficial_cashback - DEBUG - Делай четыре - получаем транзакции по очередной категории Одежда и обувь =             Дата операции  ... Сумма операции с округлением
6139  20.05.2018 21:50:08  ...                       505.45
6140  20.05.2018 21:48:58  ...                       288.19
6173  15.05.2018 14:03:17  ...                      1320.74
6189  12.05.2018 15:53:44  ...                       593.77

[4 rows x 15 columns]
2026-06-01 16:12:37,343 - services - beneficial_cashback - DEBUG - Делай пять - избавляемся от минуса Одежда и обувь =             Дата операции  ... Сумма операции с округлением
6139  20.05.2018 21:50:08  ...                       505.45
6140  20.05.2018 21:48:58  ...                       288.19
6173  15.05.2018 14:03:17  ...                      1320.74
6189  12.05.2018 15:53:44  ...                       593.77

[4 rows x 15 columns]
2026-06-01 16:12:37,343 - services - beneficial_cashback - DEBUG - Делай шесть - получаем сумму по категории Одежда и обувь = 2708.15
2026-06-01 16:12:37,343 - services - beneficial_cashback - DEBUG - Делай семь - добавляем в словарь очередную категорию и расходы по ней {'Услуги банка': np.float64(1949.0), 'Супермаркеты': np.float64(12368.769999999999), 'Связь': np.float64(1200.0), 'Транспорт': np.float64(3500.0), 'Различные товары': np.float64(1648.4), 'Ж/д билеты': np.float64(1427.0), 'Рестораны': np.float64(7559.179999999999), 'Фастфуд': np.float64(4571.58), 'Пополнения': np.float64(60206.4), 'Наличные': np.float64(15437.5), 'Переводы': np.float64(69619.32), 'Отели': np.float64(2806.2099999999996), 'Одежда и обувь': np.float64(2708.15)}
2026-06-01 16:12:37,349 - services - beneficial_cashback - DEBUG - Делай четыре - получаем транзакции по очередной категории Образование =             Дата операции  ... Сумма операции с округлением
6158  17.05.2018 17:14:47  ...                       143.98
6159  17.05.2018 16:00:41  ...                       143.98

[2 rows x 15 columns]
2026-06-01 16:12:37,355 - services - beneficial_cashback - DEBUG - Делай пять - избавляемся от минуса Образование =             Дата операции  ... Сумма операции с округлением
6158  17.05.2018 17:14:47  ...                       143.98
6159  17.05.2018 16:00:41  ...                       143.98

[2 rows x 15 columns]
2026-06-01 16:12:37,355 - services - beneficial_cashback - DEBUG - Делай шесть - получаем сумму по категории Образование = 287.96
2026-06-01 16:12:37,355 - services - beneficial_cashback - DEBUG - Делай семь - добавляем в словарь очередную категорию и расходы по ней {'Услуги банка': np.float64(1949.0), 'Супермаркеты': np.float64(12368.769999999999), 'Связь': np.float64(1200.0), 'Транспорт': np.float64(3500.0), 'Различные товары': np.float64(1648.4), 'Ж/д билеты': np.float64(1427.0), 'Рестораны': np.float64(7559.179999999999), 'Фастфуд': np.float64(4571.58), 'Пополнения': np.float64(60206.4), 'Наличные': np.float64(15437.5), 'Переводы': np.float64(69619.32), 'Отели': np.float64(2806.2099999999996), 'Одежда и обувь': np.float64(2708.15), 'Образование': np.float64(287.96)}
2026-06-01 16:12:37,361 - services - beneficial_cashback - DEBUG - Делай четыре - получаем транзакции по очередной категории Сервис =             Дата операции  ... Сумма операции с округлением
6161  17.05.2018 15:09:16  ...                       186.92

[1 rows x 15 columns]
2026-06-01 16:12:37,366 - services - beneficial_cashback - DEBUG - Делай пять - избавляемся от минуса Сервис =             Дата операции  ... Сумма операции с округлением
6161  17.05.2018 15:09:16  ...                       186.92

[1 rows x 15 columns]
2026-06-01 16:12:37,366 - services - beneficial_cashback - DEBUG - Делай шесть - получаем сумму по категории Сервис = 186.92
2026-06-01 16:12:37,366 - services - beneficial_cashback - DEBUG - Делай семь - добавляем в словарь очередную категорию и расходы по ней {'Услуги банка': np.float64(1949.0), 'Супермаркеты': np.float64(12368.769999999999), 'Связь': np.float64(1200.0), 'Транспорт': np.float64(3500.0), 'Различные товары': np.float64(1648.4), 'Ж/д билеты': np.float64(1427.0), 'Рестораны': np.float64(7559.179999999999), 'Фастфуд': np.float64(4571.58), 'Пополнения': np.float64(60206.4), 'Наличные': np.float64(15437.5), 'Переводы': np.float64(69619.32), 'Отели': np.float64(2806.2099999999996), 'Одежда и обувь': np.float64(2708.15), 'Образование': np.float64(287.96), 'Сервис': np.float64(186.92)}
2026-06-01 16:12:37,372 - services - beneficial_cashback - DEBUG - Делай четыре - получаем транзакции по очередной категории Сувениры =             Дата операции  ... Сумма операции с округлением
6164  16.05.2018 17:22:41  ...                        72.57

[1 rows x 15 columns]
2026-06-01 16:12:37,377 - services - beneficial_cashback - DEBUG - Делай пять - избавляемся от минуса Сувениры =             Дата операции  ... Сумма операции с округлением
6164  16.05.2018 17:22:41  ...                        72.57

[1 rows x 15 columns]
2026-06-01 16:12:37,377 - services - beneficial_cashback - DEBUG - Делай шесть - получаем сумму по категории Сувениры = 72.57
2026-06-01 16:12:37,377 - services - beneficial_cashback - DEBUG - Делай семь - добавляем в словарь очередную категорию и расходы по ней {'Услуги банка': np.float64(1949.0), 'Супермаркеты': np.float64(12368.769999999999), 'Связь': np.float64(1200.0), 'Транспорт': np.float64(3500.0), 'Различные товары': np.float64(1648.4), 'Ж/д билеты': np.float64(1427.0), 'Рестораны': np.float64(7559.179999999999), 'Фастфуд': np.float64(4571.58), 'Пополнения': np.float64(60206.4), 'Наличные': np.float64(15437.5), 'Переводы': np.float64(69619.32), 'Отели': np.float64(2806.2099999999996), 'Одежда и обувь': np.float64(2708.15), 'Образование': np.float64(287.96), 'Сервис': np.float64(186.92), 'Сувениры': np.float64(72.57)}
2026-06-01 16:12:37,383 - services - beneficial_cashback - DEBUG - Делай четыре - получаем транзакции по очередной категории Бонусы =             Дата операции  ... Сумма операции с округлением
6169  16.05.2018 00:00:00  ...                       362.00
6170  16.05.2018 00:00:00  ...                       385.11

[2 rows x 15 columns]
2026-06-01 16:12:37,388 - services - beneficial_cashback - DEBUG - Делай пять - избавляемся от минуса Бонусы =             Дата операции  ... Сумма операции с округлением
6169  16.05.2018 00:00:00  ...                       362.00
6170  16.05.2018 00:00:00  ...                       385.11

[2 rows x 15 columns]
2026-06-01 16:12:37,388 - services - beneficial_cashback - DEBUG - Делай шесть - получаем сумму по категории Бонусы = 747.11
2026-06-01 16:12:37,388 - services - beneficial_cashback - DEBUG - Делай семь - добавляем в словарь очередную категорию и расходы по ней {'Услуги банка': np.float64(1949.0), 'Супермаркеты': np.float64(12368.769999999999), 'Связь': np.float64(1200.0), 'Транспорт': np.float64(3500.0), 'Различные товары': np.float64(1648.4), 'Ж/д билеты': np.float64(1427.0), 'Рестораны': np.float64(7559.179999999999), 'Фастфуд': np.float64(4571.58), 'Пополнения': np.float64(60206.4), 'Наличные': np.float64(15437.5), 'Переводы': np.float64(69619.32), 'Отели': np.float64(2806.2099999999996), 'Одежда и обувь': np.float64(2708.15), 'Образование': np.float64(287.96), 'Сервис': np.float64(186.92), 'Сувениры': np.float64(72.57), 'Бонусы': np.float64(747.11)}
2026-06-01 16:12:37,393 - services - beneficial_cashback - DEBUG - Делай четыре - получаем транзакции по очередной категории Аптеки =             Дата операции  ... Сумма операции с округлением
6179  14.05.2018 00:00:00  ...                       461.99

[1 rows x 15 columns]
2026-06-01 16:12:37,398 - services - beneficial_cashback - DEBUG - Делай пять - избавляемся от минуса Аптеки =             Дата операции  ... Сумма операции с округлением
6179  14.05.2018 00:00:00  ...                       461.99

[1 rows x 15 columns]
2026-06-01 16:12:37,398 - services - beneficial_cashback - DEBUG - Делай шесть - получаем сумму по категории Аптеки = 461.99
2026-06-01 16:12:37,398 - services - beneficial_cashback - DEBUG - Делай семь - добавляем в словарь очередную категорию и расходы по ней {'Услуги банка': np.float64(1949.0), 'Супермаркеты': np.float64(12368.769999999999), 'Связь': np.float64(1200.0), 'Транспорт': np.float64(3500.0), 'Различные товары': np.float64(1648.4), 'Ж/д билеты': np.float64(1427.0), 'Рестораны': np.float64(7559.179999999999), 'Фастфуд': np.float64(4571.58), 'Пополнения': np.float64(60206.4), 'Наличные': np.float64(15437.5), 'Переводы': np.float64(69619.32), 'Отели': np.float64(2806.2099999999996), 'Одежда и обувь': np.float64(2708.15), 'Образование': np.float64(287.96), 'Сервис': np.float64(186.92), 'Сувениры': np.float64(72.57), 'Бонусы': np.float64(747.11), 'Аптеки': np.float64(461.99)}
2026-06-01 16:12:37,404 - services - beneficial_cashback - DEBUG - Делай четыре - получаем транзакции по очередной категории Красота =             Дата операции  ... Сумма операции с округлением
6197  11.05.2018 12:02:10  ...                      1130.25

[1 rows x 15 columns]
2026-06-01 16:12:37,409 - services - beneficial_cashback - DEBUG - Делай пять - избавляемся от минуса Красота =             Дата операции  ... Сумма операции с округлением
6197  11.05.2018 12:02:10  ...                      1130.25

[1 rows x 15 columns]
2026-06-01 16:12:37,409 - services - beneficial_cashback - DEBUG - Делай шесть - получаем сумму по категории Красота = 1130.25
2026-06-01 16:12:37,409 - services - beneficial_cashback - DEBUG - Делай семь - добавляем в словарь очередную категорию и расходы по ней {'Услуги банка': np.float64(1949.0), 'Супермаркеты': np.float64(12368.769999999999), 'Связь': np.float64(1200.0), 'Транспорт': np.float64(3500.0), 'Различные товары': np.float64(1648.4), 'Ж/д билеты': np.float64(1427.0), 'Рестораны': np.float64(7559.179999999999), 'Фастфуд': np.float64(4571.58), 'Пополнения': np.float64(60206.4), 'Наличные': np.float64(15437.5), 'Переводы': np.float64(69619.32), 'Отели': np.float64(2806.2099999999996), 'Одежда и обувь': np.float64(2708.15), 'Образование': np.float64(287.96), 'Сервис': np.float64(186.92), 'Сувениры': np.float64(72.57), 'Бонусы': np.float64(747.11), 'Аптеки': np.float64(461.99), 'Красота': np.float64(1130.25)}
2026-06-01 16:12:37,415 - services - beneficial_cashback - DEBUG - Делай четыре - получаем транзакции по очередной категории Топливо =             Дата операции  ... Сумма операции с округлением
6217  06.05.2018 00:00:00  ...                        278.0

[1 rows x 15 columns]
2026-06-01 16:12:37,420 - services - beneficial_cashback - DEBUG - Делай пять - избавляемся от минуса Топливо =             Дата операции  ... Сумма операции с округлением
6217  06.05.2018 00:00:00  ...                        278.0

[1 rows x 15 columns]
2026-06-01 16:12:37,420 - services - beneficial_cashback - DEBUG - Делай шесть - получаем сумму по категории Топливо = 278.0
2026-06-01 16:12:37,420 - services - beneficial_cashback - DEBUG - Делай семь - добавляем в словарь очередную категорию и расходы по ней {'Услуги банка': np.float64(1949.0), 'Супермаркеты': np.float64(12368.769999999999), 'Связь': np.float64(1200.0), 'Транспорт': np.float64(3500.0), 'Различные товары': np.float64(1648.4), 'Ж/д билеты': np.float64(1427.0), 'Рестораны': np.float64(7559.179999999999), 'Фастфуд': np.float64(4571.58), 'Пополнения': np.float64(60206.4), 'Наличные': np.float64(15437.5), 'Переводы': np.float64(69619.32), 'Отели': np.float64(2806.2099999999996), 'Одежда и обувь': np.float64(2708.15), 'Образование': np.float64(287.96), 'Сервис': np.float64(186.92), 'Сувениры': np.float64(72.57), 'Бонусы': np.float64(747.11), 'Аптеки': np.float64(461.99), 'Красота': np.float64(1130.25), 'Топливо': np.float64(278.0)}
2026-06-01 16:12:37,425 - services - beneficial_cashback - DEBUG - Делай четыре - получаем транзакции по очередной категории НКО =             Дата операции  ... Сумма операции с округлением
6224  05.05.2018 11:37:01  ...                       1000.0

[1 rows x 15 columns]
2026-06-01 16:12:37,430 - services - beneficial_cashback - DEBUG - Делай пять - избавляемся от минуса НКО =             Дата операции  ... Сумма операции с округлением
6224  05.05.2018 11:37:01  ...                       1000.0

[1 rows x 15 columns]
2026-06-01 16:12:37,430 - services - beneficial_cashback - DEBUG - Делай шесть - получаем сумму по категории НКО = 1000.0
2026-06-01 16:12:37,430 - services - beneficial_cashback - DEBUG - Делай семь - добавляем в словарь очередную категорию и расходы по ней {'Услуги банка': np.float64(1949.0), 'Супермаркеты': np.float64(12368.769999999999), 'Связь': np.float64(1200.0), 'Транспорт': np.float64(3500.0), 'Различные товары': np.float64(1648.4), 'Ж/д билеты': np.float64(1427.0), 'Рестораны': np.float64(7559.179999999999), 'Фастфуд': np.float64(4571.58), 'Пополнения': np.float64(60206.4), 'Наличные': np.float64(15437.5), 'Переводы': np.float64(69619.32), 'Отели': np.float64(2806.2099999999996), 'Одежда и обувь': np.float64(2708.15), 'Образование': np.float64(287.96), 'Сервис': np.float64(186.92), 'Сувениры': np.float64(72.57), 'Бонусы': np.float64(747.11), 'Аптеки': np.float64(461.99), 'Красота': np.float64(1130.25), 'Топливо': np.float64(278.0), 'НКО': np.float64(1000.0)}
2026-06-01 16:12:37,436 - services - beneficial_cashback - DEBUG - Делай четыре - получаем транзакции по очередной категории Другое =             Дата операции  ... Сумма операции с округлением
6230  03.05.2018 12:21:41  ...                     24491.27
6231  03.05.2018 12:12:49  ...                      5075.71

[2 rows x 15 columns]
2026-06-01 16:12:37,441 - services - beneficial_cashback - DEBUG - Делай пять - избавляемся от минуса Другое =             Дата операции  ... Сумма операции с округлением
6230  03.05.2018 12:21:41  ...                     24491.27
6231  03.05.2018 12:12:49  ...                      5075.71

[2 rows x 15 columns]
2026-06-01 16:12:37,441 - services - beneficial_cashback - DEBUG - Делай шесть - получаем сумму по категории Другое = 29566.98
2026-06-01 16:12:37,441 - services - beneficial_cashback - DEBUG - Делай семь - добавляем в словарь очередную категорию и расходы по ней {'Услуги банка': np.float64(1949.0), 'Супермаркеты': np.float64(12368.769999999999), 'Связь': np.float64(1200.0), 'Транспорт': np.float64(3500.0), 'Различные товары': np.float64(1648.4), 'Ж/д билеты': np.float64(1427.0), 'Рестораны': np.float64(7559.179999999999), 'Фастфуд': np.float64(4571.58), 'Пополнения': np.float64(60206.4), 'Наличные': np.float64(15437.5), 'Переводы': np.float64(69619.32), 'Отели': np.float64(2806.2099999999996), 'Одежда и обувь': np.float64(2708.15), 'Образование': np.float64(287.96), 'Сервис': np.float64(186.92), 'Сувениры': np.float64(72.57), 'Бонусы': np.float64(747.11), 'Аптеки': np.float64(461.99), 'Красота': np.float64(1130.25), 'Топливо': np.float64(278.0), 'НКО': np.float64(1000.0), 'Другое': np.float64(29566.98)}
2026-06-01 16:12:37,446 - services - beneficial_cashback - DEBUG - Делай четыре - получаем транзакции по очередной категории Финансы =             Дата операции  ... Сумма операции с округлением
6242  30.04.2018 15:27:35  ...                       1596.5

[1 rows x 15 columns]
2026-06-01 16:12:37,452 - services - beneficial_cashback - DEBUG - Делай пять - избавляемся от минуса Финансы =             Дата операции  ... Сумма операции с округлением
6242  30.04.2018 15:27:35  ...                       1596.5

[1 rows x 15 columns]
2026-06-01 16:12:37,452 - services - beneficial_cashback - DEBUG - Делай шесть - получаем сумму по категории Финансы = 1596.5
2026-06-01 16:12:37,452 - services - beneficial_cashback - DEBUG - Делай семь - добавляем в словарь очередную категорию и расходы по ней {'Услуги банка': np.float64(1949.0), 'Супермаркеты': np.float64(12368.769999999999), 'Связь': np.float64(1200.0), 'Транспорт': np.float64(3500.0), 'Различные товары': np.float64(1648.4), 'Ж/д билеты': np.float64(1427.0), 'Рестораны': np.float64(7559.179999999999), 'Фастфуд': np.float64(4571.58), 'Пополнения': np.float64(60206.4), 'Наличные': np.float64(15437.5), 'Переводы': np.float64(69619.32), 'Отели': np.float64(2806.2099999999996), 'Одежда и обувь': np.float64(2708.15), 'Образование': np.float64(287.96), 'Сервис': np.float64(186.92), 'Сувениры': np.float64(72.57), 'Бонусы': np.float64(747.11), 'Аптеки': np.float64(461.99), 'Красота': np.float64(1130.25), 'Топливо': np.float64(278.0), 'НКО': np.float64(1000.0), 'Другое': np.float64(29566.98), 'Финансы': np.float64(1596.5)}
2026-06-01 16:18:18,585 - services - beneficial_cashback - DEBUG - Делай раз - дата фрейм всех транзакций -             Дата операции  ... Сумма операции с округлением
0     31.12.2021 16:44:00  ...                       160.89
1     31.12.2021 16:42:04  ...                        64.00
2     31.12.2021 16:39:04  ...                       118.12
3     31.12.2021 15:44:39  ...                        78.05
4     31.12.2021 01:23:42  ...                       564.00
...                   ...  ...                          ...
6700  04.01.2018 14:05:08  ...                      1065.90
6701  03.01.2018 15:03:35  ...                        73.06
6702  03.01.2018 14:55:21  ...                        21.00
6703  01.01.2018 20:27:51  ...                       316.00
6704  01.01.2018 12:49:53  ...                      3000.00

[6705 rows x 15 columns]
2026-06-01 16:18:18,590 - services - beneficial_cashback - DEBUG - Делай два - дата фрейм с исследуемым годом и месяцем - 6091   2018-05-30
6092   2018-05-31
6093   2018-05-31
6094   2018-05-31
6095   2018-05-30
          ...    
6244   2018-05-02
6245   2018-05-02
6246   2018-05-01
6248   2018-05-04
6249   2018-05-01
Name: Дата платежа, Length: 158, dtype: datetime64[us]
2026-06-01 16:18:18,590 - services - beneficial_cashback - DEBUG - Делай три - создан список категорий без повторений - <StringArray>
[    'Услуги банка',     'Супермаркеты',            'Связь',
        'Транспорт', 'Различные товары',       'Ж/д билеты',
        'Рестораны',          'Фастфуд',       'Пополнения',
         'Наличные',         'Переводы',            'Отели',
   'Одежда и обувь',      'Образование',           'Сервис',
         'Сувениры',           'Бонусы',           'Аптеки',
          'Красота',          'Топливо',              'НКО',
           'Другое',          'Финансы']
Length: 23, dtype: str
2026-06-01 16:18:18,596 - services - beneficial_cashback - DEBUG - Делай четыре - получаем транзакции по очередной категории Услуги банка =             Дата операции  ... Сумма операции с округлением
6091  30.05.2018 00:00:00  ...                       1890.0
6098  29.05.2018 00:00:00  ...                         59.0

[2 rows x 15 columns]
2026-06-01 16:18:18,601 - services - beneficial_cashback - DEBUG - Делай пять - избавляемся от минуса Услуги банка =             Дата операции  ... Сумма операции с округлением
6091  30.05.2018 00:00:00  ...                       1890.0
6098  29.05.2018 00:00:00  ...                         59.0

[2 rows x 15 columns]
2026-06-01 16:18:18,601 - services - beneficial_cashback - DEBUG - Делай шесть - получаем сумму по категории Услуги банка = 1949.0
2026-06-01 16:18:18,601 - services - beneficial_cashback - DEBUG - Делай семь - добавляем в словарь очередную категорию и расходы по ней {'Услуги банка': 1949.0}
2026-06-01 16:18:18,612 - services - beneficial_cashback - DEBUG - Делай четыре - получаем транзакции по очередной категории Супермаркеты =             Дата операции  ... Сумма операции с округлением
6092  29.05.2018 22:29:19  ...                       106.60
6093  29.05.2018 22:20:20  ...                       238.60
6094  29.05.2018 17:39:23  ...                       149.40
6096  29.05.2018 15:58:44  ...                        49.80
6097  29.05.2018 13:30:15  ...                       331.71
6099  28.05.2018 23:38:35  ...                       129.72
6103  27.05.2018 15:16:54  ...                       399.00
6104  27.05.2018 13:35:45  ...                       295.80
6111  26.05.2018 15:40:40  ...                       126.80
6112  25.05.2018 17:29:11  ...                       250.00
6113  25.05.2018 17:21:41  ...                       193.70
6117  24.05.2018 22:38:54  ...                       191.50
6119  24.05.2018 09:55:58  ...                       445.39
6125  23.05.2018 10:28:27  ...                       157.25
6127  22.05.2018 18:15:12  ...                        69.60
6128  22.05.2018 16:44:05  ...                      2465.36
6131  22.05.2018 13:05:56  ...                        54.55
6132  22.05.2018 11:20:33  ...                       278.39
6136  21.05.2018 00:00:00  ...                       221.88
6137  21.05.2018 00:00:00  ...                        45.00
6142  20.05.2018 14:34:52  ...                       326.53
6144  20.05.2018 12:48:01  ...                        21.73
6146  19.05.2018 16:38:52  ...                        27.39
6147  19.05.2018 14:45:40  ...                        21.66
6148  19.05.2018 12:37:10  ...                       193.65
6149  19.05.2018 10:13:32  ...                        83.45
6150  18.05.2018 17:32:43  ...                        61.15
6152  18.05.2018 15:34:33  ...                        28.67
6153  18.05.2018 12:00:44  ...                        83.45
6155  17.05.2018 19:08:25  ...                       118.72
6156  17.05.2018 18:24:53  ...                       143.96
6160  17.05.2018 15:15:14  ...                       293.02
6162  17.05.2018 12:27:06  ...                        21.47
6165  16.05.2018 16:48:01  ...                       172.40
6167  16.05.2018 13:47:41  ...                       108.53
6168  16.05.2018 12:57:28  ...                       279.53
6171  15.05.2018 15:53:27  ...                        54.10
6174  15.05.2018 12:31:04  ...                        43.92
6177  14.05.2018 00:00:00  ...                        39.82
6178  14.05.2018 00:00:00  ...                        51.82
6182  13.05.2018 18:40:15  ...                       512.41
6185  13.05.2018 08:54:16  ...                       162.41
6195  11.05.2018 17:27:32  ...                       178.57
6201  10.05.2018 14:49:30  ...                       242.99
6203  09.05.2018 21:15:41  ...                       285.00
6210  08.05.2018 19:34:15  ...                        44.79
6213  07.05.2018 17:40:52  ...                       181.60
6218  06.05.2018 00:00:00  ...                       250.00
6219  05.05.2018 20:52:23  ...                       250.00
6220  05.05.2018 20:27:42  ...                       285.09
6221  05.05.2018 15:52:43  ...                        69.80
6226  04.05.2018 21:07:21  ...                        38.59
6228  03.05.2018 15:19:06  ...                       368.30
6233  02.05.2018 18:28:38  ...                       221.27
6236  01.05.2018 22:06:23  ...                       416.30
6243  30.04.2018 13:09:05  ...                       116.16
6244  29.04.2018 18:57:14  ...                        88.80
6245  29.04.2018 14:17:39  ...                       220.27
6248  28.04.2018 18:17:43  ...                        61.40

[59 rows x 15 columns]
2026-06-01 16:18:18,622 - services - beneficial_cashback - DEBUG - Делай пять - избавляемся от минуса Супермаркеты =             Дата операции  ... Сумма операции с округлением
6092  29.05.2018 22:29:19  ...                       106.60
6093  29.05.2018 22:20:20  ...                       238.60
6094  29.05.2018 17:39:23  ...                       149.40
6096  29.05.2018 15:58:44  ...                        49.80
6097  29.05.2018 13:30:15  ...                       331.71
6099  28.05.2018 23:38:35  ...                       129.72
6103  27.05.2018 15:16:54  ...                       399.00
6104  27.05.2018 13:35:45  ...                       295.80
6111  26.05.2018 15:40:40  ...                       126.80
6112  25.05.2018 17:29:11  ...                       250.00
6113  25.05.2018 17:21:41  ...                       193.70
6117  24.05.2018 22:38:54  ...                       191.50
6119  24.05.2018 09:55:58  ...                       445.39
6125  23.05.2018 10:28:27  ...                       157.25
6127  22.05.2018 18:15:12  ...                        69.60
6128  22.05.2018 16:44:05  ...                      2465.36
6131  22.05.2018 13:05:56  ...                        54.55
6132  22.05.2018 11:20:33  ...                       278.39
6136  21.05.2018 00:00:00  ...                       221.88
6137  21.05.2018 00:00:00  ...                        45.00
6142  20.05.2018 14:34:52  ...                       326.53
6144  20.05.2018 12:48:01  ...                        21.73
6146  19.05.2018 16:38:52  ...                        27.39
6147  19.05.2018 14:45:40  ...                        21.66
6148  19.05.2018 12:37:10  ...                       193.65
6149  19.05.2018 10:13:32  ...                        83.45
6150  18.05.2018 17:32:43  ...                        61.15
6152  18.05.2018 15:34:33  ...                        28.67
6153  18.05.2018 12:00:44  ...                        83.45
6155  17.05.2018 19:08:25  ...                       118.72
6156  17.05.2018 18:24:53  ...                       143.96
6160  17.05.2018 15:15:14  ...                       293.02
6162  17.05.2018 12:27:06  ...                        21.47
6165  16.05.2018 16:48:01  ...                       172.40
6167  16.05.2018 13:47:41  ...                       108.53
6168  16.05.2018 12:57:28  ...                       279.53
6171  15.05.2018 15:53:27  ...                        54.10
6174  15.05.2018 12:31:04  ...                        43.92
6177  14.05.2018 00:00:00  ...                        39.82
6178  14.05.2018 00:00:00  ...                        51.82
6182  13.05.2018 18:40:15  ...                       512.41
6185  13.05.2018 08:54:16  ...                       162.41
6195  11.05.2018 17:27:32  ...                       178.57
6201  10.05.2018 14:49:30  ...                       242.99
6203  09.05.2018 21:15:41  ...                       285.00
6210  08.05.2018 19:34:15  ...                        44.79
6213  07.05.2018 17:40:52  ...                       181.60
6218  06.05.2018 00:00:00  ...                       250.00
6219  05.05.2018 20:52:23  ...                       250.00
6220  05.05.2018 20:27:42  ...                       285.09
6221  05.05.2018 15:52:43  ...                        69.80
6226  04.05.2018 21:07:21  ...                        38.59
6228  03.05.2018 15:19:06  ...                       368.30
6233  02.05.2018 18:28:38  ...                       221.27
6236  01.05.2018 22:06:23  ...                       416.30
6243  30.04.2018 13:09:05  ...                       116.16
6244  29.04.2018 18:57:14  ...                        88.80
6245  29.04.2018 14:17:39  ...                       220.27
6248  28.04.2018 18:17:43  ...                        61.40

[59 rows x 15 columns]
2026-06-01 16:18:18,622 - services - beneficial_cashback - DEBUG - Делай шесть - получаем сумму по категории Супермаркеты = 12368.769999999999
2026-06-01 16:18:18,622 - services - beneficial_cashback - DEBUG - Делай семь - добавляем в словарь очередную категорию и расходы по ней {'Услуги банка': 1949.0, 'Супермаркеты': 12368.769999999999}
2026-06-01 16:18:18,629 - services - beneficial_cashback - DEBUG - Делай четыре - получаем транзакции по очередной категории Связь =             Дата операции  ... Сумма операции с округлением
6095  29.05.2018 16:11:17  ...                        250.0
6100  28.05.2018 00:00:00  ...                        200.0
6101  28.05.2018 00:00:00  ...                        500.0
6232  03.05.2018 01:20:20  ...                        250.0

[4 rows x 15 columns]
2026-06-01 16:18:18,634 - services - beneficial_cashback - DEBUG - Делай пять - избавляемся от минуса Связь =             Дата операции  ... Сумма операции с округлением
6095  29.05.2018 16:11:17  ...                        250.0
6100  28.05.2018 00:00:00  ...                        200.0
6101  28.05.2018 00:00:00  ...                        500.0
6232  03.05.2018 01:20:20  ...                        250.0

[4 rows x 15 columns]
2026-06-01 16:18:18,635 - services - beneficial_cashback - DEBUG - Делай шесть - получаем сумму по категории Связь = 1200.0
2026-06-01 16:18:18,635 - services - beneficial_cashback - DEBUG - Делай семь - добавляем в словарь очередную категорию и расходы по ней {'Услуги банка': 1949.0, 'Супермаркеты': 12368.769999999999, 'Связь': 1200.0}
2026-06-01 16:18:18,640 - services - beneficial_cashback - DEBUG - Делай четыре - получаем транзакции по очередной категории Транспорт =             Дата операции  ... Сумма операции с округлением
6102  28.05.2018 00:00:00  ...                        485.0
6116  25.05.2018 00:00:00  ...                       1533.0
6202  10.05.2018 03:11:53  ...                       1482.0

[3 rows x 15 columns]
2026-06-01 16:18:18,645 - services - beneficial_cashback - DEBUG - Делай пять - избавляемся от минуса Транспорт =             Дата операции  ... Сумма операции с округлением
6102  28.05.2018 00:00:00  ...                        485.0
6116  25.05.2018 00:00:00  ...                       1533.0
6202  10.05.2018 03:11:53  ...                       1482.0

[3 rows x 15 columns]
2026-06-01 16:18:18,645 - services - beneficial_cashback - DEBUG - Делай шесть - получаем сумму по категории Транспорт = 3500.0
2026-06-01 16:18:18,645 - services - beneficial_cashback - DEBUG - Делай семь - добавляем в словарь очередную категорию и расходы по ней {'Услуги банка': 1949.0, 'Супермаркеты': 12368.769999999999, 'Связь': 1200.0, 'Транспорт': 3500.0}
2026-06-01 16:18:18,651 - services - beneficial_cashback - DEBUG - Делай четыре - получаем транзакции по очередной категории Различные товары =             Дата операции  ... Сумма операции с округлением
6105  27.05.2018 13:29:06  ...                         46.0
6215  07.05.2018 16:45:11  ...                       1602.4

[2 rows x 15 columns]
2026-06-01 16:18:18,656 - services - beneficial_cashback - DEBUG - Делай пять - избавляемся от минуса Различные товары =             Дата операции  ... Сумма операции с округлением
6105  27.05.2018 13:29:06  ...                         46.0
6215  07.05.2018 16:45:11  ...                       1602.4

[2 rows x 15 columns]
2026-06-01 16:18:18,656 - services - beneficial_cashback - DEBUG - Делай шесть - получаем сумму по категории Различные товары = 1648.4
2026-06-01 16:18:18,656 - services - beneficial_cashback - DEBUG - Делай семь - добавляем в словарь очередную категорию и расходы по ней {'Услуги банка': 1949.0, 'Супермаркеты': 12368.769999999999, 'Связь': 1200.0, 'Транспорт': 3500.0, 'Различные товары': 1648.4}
2026-06-01 16:18:18,662 - services - beneficial_cashback - DEBUG - Делай четыре - получаем транзакции по очередной категории Ж/д билеты =             Дата операции  ... Сумма операции с округлением
6106  27.05.2018 12:57:41  ...                        300.0
6107  27.05.2018 07:19:02  ...                         45.0
6109  26.05.2018 18:30:22  ...                         40.0
6115  25.05.2018 14:49:12  ...                        360.0
6207  09.05.2018 11:46:17  ...                        114.0
6225  05.05.2018 11:04:33  ...                        360.0
6237  01.05.2018 19:39:19  ...                        208.0

[7 rows x 15 columns]
2026-06-01 16:18:18,667 - services - beneficial_cashback - DEBUG - Делай пять - избавляемся от минуса Ж/д билеты =             Дата операции  ... Сумма операции с округлением
6106  27.05.2018 12:57:41  ...                        300.0
6107  27.05.2018 07:19:02  ...                         45.0
6109  26.05.2018 18:30:22  ...                         40.0
6115  25.05.2018 14:49:12  ...                        360.0
6207  09.05.2018 11:46:17  ...                        114.0
6225  05.05.2018 11:04:33  ...                        360.0
6237  01.05.2018 19:39:19  ...                        208.0

[7 rows x 15 columns]
2026-06-01 16:18:18,668 - services - beneficial_cashback - DEBUG - Делай шесть - получаем сумму по категории Ж/д билеты = 1427.0
2026-06-01 16:18:18,668 - services - beneficial_cashback - DEBUG - Делай семь - добавляем в словарь очередную категорию и расходы по ней {'Услуги банка': 1949.0, 'Супермаркеты': 12368.769999999999, 'Связь': 1200.0, 'Транспорт': 3500.0, 'Различные товары': 1648.4, 'Ж/д билеты': 1427.0}
2026-06-01 16:18:18,674 - services - beneficial_cashback - DEBUG - Делай четыре - получаем транзакции по очередной категории Рестораны =             Дата операции  ... Сумма операции с округлением
6108  27.05.2018 00:00:00  ...                       345.00
6124  23.05.2018 12:33:02  ...                        53.88
6126  22.05.2018 22:06:18  ...                        27.59
6129  22.05.2018 15:46:21  ...                        55.18
6133  21.05.2018 21:52:51  ...                       277.13
6135  21.05.2018 00:00:00  ...                        55.63
6138  21.05.2018 00:00:00  ...                       122.50
6141  20.05.2018 17:47:46  ...                       245.38
6145  19.05.2018 22:23:05  ...                       362.31
6151  18.05.2018 17:10:05  ...                       119.12
6157  17.05.2018 17:53:20  ...                       663.75
6163  16.05.2018 23:04:38  ...                       258.92
6166  16.05.2018 15:32:51  ...                      1368.46
6172  15.05.2018 14:53:40  ...                       601.49
6176  14.05.2018 17:52:40  ...                      1262.82
6183  13.05.2018 18:15:19  ...                       130.94
6186  12.05.2018 19:23:00  ...                       118.98
6188  12.05.2018 17:10:15  ...                      1198.57
6194  11.05.2018 18:00:37  ...                       179.84
6196  11.05.2018 15:24:37  ...                       111.69

[20 rows x 15 columns]
2026-06-01 16:18:18,681 - services - beneficial_cashback - DEBUG - Делай пять - избавляемся от минуса Рестораны =             Дата операции  ... Сумма операции с округлением
6108  27.05.2018 00:00:00  ...                       345.00
6124  23.05.2018 12:33:02  ...                        53.88
6126  22.05.2018 22:06:18  ...                        27.59
6129  22.05.2018 15:46:21  ...                        55.18
6133  21.05.2018 21:52:51  ...                       277.13
6135  21.05.2018 00:00:00  ...                        55.63
6138  21.05.2018 00:00:00  ...                       122.50
6141  20.05.2018 17:47:46  ...                       245.38
6145  19.05.2018 22:23:05  ...                       362.31
6151  18.05.2018 17:10:05  ...                       119.12
6157  17.05.2018 17:53:20  ...                       663.75
6163  16.05.2018 23:04:38  ...                       258.92
6166  16.05.2018 15:32:51  ...                      1368.46
6172  15.05.2018 14:53:40  ...                       601.49
6176  14.05.2018 17:52:40  ...                      1262.82
6183  13.05.2018 18:15:19  ...                       130.94
6186  12.05.2018 19:23:00  ...                       118.98
6188  12.05.2018 17:10:15  ...                      1198.57
6194  11.05.2018 18:00:37  ...                       179.84
6196  11.05.2018 15:24:37  ...                       111.69

[20 rows x 15 columns]
2026-06-01 16:18:18,681 - services - beneficial_cashback - DEBUG - Делай шесть - получаем сумму по категории Рестораны = 7559.179999999999
2026-06-01 16:18:18,681 - services - beneficial_cashback - DEBUG - Делай семь - добавляем в словарь очередную категорию и расходы по ней {'Услуги банка': 1949.0, 'Супермаркеты': 12368.769999999999, 'Связь': 1200.0, 'Транспорт': 3500.0, 'Различные товары': 1648.4, 'Ж/д билеты': 1427.0, 'Рестораны': 7559.179999999999}
2026-06-01 16:18:18,688 - services - beneficial_cashback - DEBUG - Делай четыре - получаем транзакции по очередной категории Фастфуд =             Дата операции  ... Сумма операции с округлением
6110  26.05.2018 17:08:35  ...                       389.00
6200  10.05.2018 15:04:24  ...                       430.58
6204  09.05.2018 13:55:13  ...                       145.00
6205  09.05.2018 13:44:00  ...                       328.00
6212  08.05.2018 11:37:29  ...                       170.90
6214  07.05.2018 16:55:51  ...                       221.80
6216  07.05.2018 13:05:55  ...                       285.00
6222  05.05.2018 14:35:40  ...                        55.90
6223  05.05.2018 14:32:07  ...                       331.80
6227  04.05.2018 14:00:49  ...                       315.00
6229  03.05.2018 14:11:19  ...                       275.00
6234  02.05.2018 16:26:23  ...                        58.00
6235  02.05.2018 15:28:35  ...                       389.00
6239  01.05.2018 16:50:49  ...                        69.90
6240  01.05.2018 16:49:16  ...                       296.80
6241  30.04.2018 17:49:25  ...                       389.00
6246  29.04.2018 11:30:29  ...                       250.00
6249  28.04.2018 16:56:24  ...                       170.90

[18 rows x 15 columns]
2026-06-01 16:18:18,694 - services - beneficial_cashback - DEBUG - Делай пять - избавляемся от минуса Фастфуд =             Дата операции  ... Сумма операции с округлением
6110  26.05.2018 17:08:35  ...                       389.00
6200  10.05.2018 15:04:24  ...                       430.58
6204  09.05.2018 13:55:13  ...                       145.00
6205  09.05.2018 13:44:00  ...                       328.00
6212  08.05.2018 11:37:29  ...                       170.90
6214  07.05.2018 16:55:51  ...                       221.80
6216  07.05.2018 13:05:55  ...                       285.00
6222  05.05.2018 14:35:40  ...                        55.90
6223  05.05.2018 14:32:07  ...                       331.80
6227  04.05.2018 14:00:49  ...                       315.00
6229  03.05.2018 14:11:19  ...                       275.00
6234  02.05.2018 16:26:23  ...                        58.00
6235  02.05.2018 15:28:35  ...                       389.00
6239  01.05.2018 16:50:49  ...                        69.90
6240  01.05.2018 16:49:16  ...                       296.80
6241  30.04.2018 17:49:25  ...                       389.00
6246  29.04.2018 11:30:29  ...                       250.00
6249  28.04.2018 16:56:24  ...                       170.90

[18 rows x 15 columns]
2026-06-01 16:18:18,695 - services - beneficial_cashback - DEBUG - Делай шесть - получаем сумму по категории Фастфуд = 4571.58
2026-06-01 16:18:18,695 - services - beneficial_cashback - DEBUG - Делай семь - добавляем в словарь очередную категорию и расходы по ней {'Услуги банка': 1949.0, 'Супермаркеты': 12368.769999999999, 'Связь': 1200.0, 'Транспорт': 3500.0, 'Различные товары': 1648.4, 'Ж/д билеты': 1427.0, 'Рестораны': 7559.179999999999, 'Фастфуд': 4571.58}
2026-06-01 16:18:18,700 - services - beneficial_cashback - DEBUG - Делай четыре - получаем транзакции по очередной категории Пополнения =             Дата операции  ... Сумма операции с округлением
6114  25.05.2018 16:47:10  ...                      18200.0
6208  08.05.2018 21:07:17  ...                      12006.4
6209  08.05.2018 21:05:59  ...                      30000.0

[3 rows x 15 columns]
2026-06-01 16:18:18,705 - services - beneficial_cashback - DEBUG - Делай пять - избавляемся от минуса Пополнения =             Дата операции  ... Сумма операции с округлением
6114  25.05.2018 16:47:10  ...                      18200.0
6208  08.05.2018 21:07:17  ...                      12006.4
6209  08.05.2018 21:05:59  ...                      30000.0

[3 rows x 15 columns]
2026-06-01 16:18:18,705 - services - beneficial_cashback - DEBUG - Делай шесть - получаем сумму по категории Пополнения = 60206.4
2026-06-01 16:18:18,705 - services - beneficial_cashback - DEBUG - Делай семь - добавляем в словарь очередную категорию и расходы по ней {'Услуги банка': 1949.0, 'Супермаркеты': 12368.769999999999, 'Связь': 1200.0, 'Транспорт': 3500.0, 'Различные товары': 1648.4, 'Ж/д билеты': 1427.0, 'Рестораны': 7559.179999999999, 'Фастфуд': 4571.58, 'Пополнения': 60206.4}
2026-06-01 16:18:18,711 - services - beneficial_cashback - DEBUG - Делай четыре - получаем транзакции по очередной категории Наличные =             Дата операции  ... Сумма операции с округлением
6118  24.05.2018 12:54:03  ...                       3000.0
6122  23.05.2018 19:02:38  ...                       3132.5
6154  17.05.2018 21:22:29  ...                       3157.5
6187  12.05.2018 19:02:09  ...                       3147.5
6211  08.05.2018 18:54:18  ...                       3000.0

[5 rows x 15 columns]
2026-06-01 16:18:18,716 - services - beneficial_cashback - DEBUG - Делай пять - избавляемся от минуса Наличные =             Дата операции  ... Сумма операции с округлением
6118  24.05.2018 12:54:03  ...                       3000.0
6122  23.05.2018 19:02:38  ...                       3132.5
6154  17.05.2018 21:22:29  ...                       3157.5
6187  12.05.2018 19:02:09  ...                       3147.5
6211  08.05.2018 18:54:18  ...                       3000.0

[5 rows x 15 columns]
2026-06-01 16:18:18,716 - services - beneficial_cashback - DEBUG - Делай шесть - получаем сумму по категории Наличные = 15437.5
2026-06-01 16:18:18,716 - services - beneficial_cashback - DEBUG - Делай семь - добавляем в словарь очередную категорию и расходы по ней {'Услуги банка': 1949.0, 'Супермаркеты': 12368.769999999999, 'Связь': 1200.0, 'Транспорт': 3500.0, 'Различные товары': 1648.4, 'Ж/д билеты': 1427.0, 'Рестораны': 7559.179999999999, 'Фастфуд': 4571.58, 'Пополнения': 60206.4, 'Наличные': 15437.5}
2026-06-01 16:18:18,721 - services - beneficial_cashback - DEBUG - Делай четыре - получаем транзакции по очередной категории Переводы =             Дата операции  ... Сумма операции с округлением
6120  23.05.2018 23:37:23  ...                     34427.66
6121  23.05.2018 23:37:21  ...                     34427.66
6206  09.05.2018 13:38:54  ...                       164.00
6238  01.05.2018 17:07:55  ...                       600.00

[4 rows x 15 columns]
2026-06-01 16:18:18,726 - services - beneficial_cashback - DEBUG - Делай пять - избавляемся от минуса Переводы =             Дата операции  ... Сумма операции с округлением
6120  23.05.2018 23:37:23  ...                     34427.66
6121  23.05.2018 23:37:21  ...                     34427.66
6206  09.05.2018 13:38:54  ...                       164.00
6238  01.05.2018 17:07:55  ...                       600.00

[4 rows x 15 columns]
2026-06-01 16:18:18,727 - services - beneficial_cashback - DEBUG - Делай шесть - получаем сумму по категории Переводы = 69619.32
2026-06-01 16:18:18,727 - services - beneficial_cashback - DEBUG - Делай семь - добавляем в словарь очередную категорию и расходы по ней {'Услуги банка': 1949.0, 'Супермаркеты': 12368.769999999999, 'Связь': 1200.0, 'Транспорт': 3500.0, 'Различные товары': 1648.4, 'Ж/д билеты': 1427.0, 'Рестораны': 7559.179999999999, 'Фастфуд': 4571.58, 'Пополнения': 60206.4, 'Наличные': 15437.5, 'Переводы': 69619.32}
2026-06-01 16:18:18,733 - services - beneficial_cashback - DEBUG - Делай четыре - получаем транзакции по очередной категории Отели =             Дата операции  ... Сумма операции с округлением
6123  23.05.2018 15:24:51  ...                       134.70
6130  22.05.2018 14:28:52  ...                       138.57
6134  21.05.2018 00:00:00  ...                       140.00
6143  20.05.2018 14:24:16  ...                       332.92
6175  15.05.2018 12:25:19  ...                       381.90
6180  14.05.2018 00:00:00  ...                       148.52
6181  14.05.2018 00:00:00  ...                       148.52
6184  13.05.2018 09:19:15  ...                       344.97
6190  12.05.2018 13:20:34  ...                       150.18
6191  12.05.2018 10:31:38  ...                        44.80
6192  12.05.2018 10:27:58  ...                       390.59
6193  11.05.2018 18:33:08  ...                       150.18
6198  11.05.2018 10:15:26  ...                       150.18
6199  10.05.2018 15:49:58  ...                       150.18

[14 rows x 15 columns]
2026-06-01 16:18:18,739 - services - beneficial_cashback - DEBUG - Делай пять - избавляемся от минуса Отели =             Дата операции  ... Сумма операции с округлением
6123  23.05.2018 15:24:51  ...                       134.70
6130  22.05.2018 14:28:52  ...                       138.57
6134  21.05.2018 00:00:00  ...                       140.00
6143  20.05.2018 14:24:16  ...                       332.92
6175  15.05.2018 12:25:19  ...                       381.90
6180  14.05.2018 00:00:00  ...                       148.52
6181  14.05.2018 00:00:00  ...                       148.52
6184  13.05.2018 09:19:15  ...                       344.97
6190  12.05.2018 13:20:34  ...                       150.18
6191  12.05.2018 10:31:38  ...                        44.80
6192  12.05.2018 10:27:58  ...                       390.59
6193  11.05.2018 18:33:08  ...                       150.18
6198  11.05.2018 10:15:26  ...                       150.18
6199  10.05.2018 15:49:58  ...                       150.18

[14 rows x 15 columns]
2026-06-01 16:18:18,739 - services - beneficial_cashback - DEBUG - Делай шесть - получаем сумму по категории Отели = 2806.2099999999996
2026-06-01 16:18:18,739 - services - beneficial_cashback - DEBUG - Делай семь - добавляем в словарь очередную категорию и расходы по ней {'Услуги банка': 1949.0, 'Супермаркеты': 12368.769999999999, 'Связь': 1200.0, 'Транспорт': 3500.0, 'Различные товары': 1648.4, 'Ж/д билеты': 1427.0, 'Рестораны': 7559.179999999999, 'Фастфуд': 4571.58, 'Пополнения': 60206.4, 'Наличные': 15437.5, 'Переводы': 69619.32, 'Отели': 2806.2099999999996}
2026-06-01 16:18:18,744 - services - beneficial_cashback - DEBUG - Делай четыре - получаем транзакции по очередной категории Одежда и обувь =             Дата операции  ... Сумма операции с округлением
6139  20.05.2018 21:50:08  ...                       505.45
6140  20.05.2018 21:48:58  ...                       288.19
6173  15.05.2018 14:03:17  ...                      1320.74
6189  12.05.2018 15:53:44  ...                       593.77

[4 rows x 15 columns]
2026-06-01 16:18:18,749 - services - beneficial_cashback - DEBUG - Делай пять - избавляемся от минуса Одежда и обувь =             Дата операции  ... Сумма операции с округлением
6139  20.05.2018 21:50:08  ...                       505.45
6140  20.05.2018 21:48:58  ...                       288.19
6173  15.05.2018 14:03:17  ...                      1320.74
6189  12.05.2018 15:53:44  ...                       593.77

[4 rows x 15 columns]
2026-06-01 16:18:18,749 - services - beneficial_cashback - DEBUG - Делай шесть - получаем сумму по категории Одежда и обувь = 2708.15
2026-06-01 16:18:18,749 - services - beneficial_cashback - DEBUG - Делай семь - добавляем в словарь очередную категорию и расходы по ней {'Услуги банка': 1949.0, 'Супермаркеты': 12368.769999999999, 'Связь': 1200.0, 'Транспорт': 3500.0, 'Различные товары': 1648.4, 'Ж/д билеты': 1427.0, 'Рестораны': 7559.179999999999, 'Фастфуд': 4571.58, 'Пополнения': 60206.4, 'Наличные': 15437.5, 'Переводы': 69619.32, 'Отели': 2806.2099999999996, 'Одежда и обувь': 2708.15}
2026-06-01 16:18:18,755 - services - beneficial_cashback - DEBUG - Делай четыре - получаем транзакции по очередной категории Образование =             Дата операции  ... Сумма операции с округлением
6158  17.05.2018 17:14:47  ...                       143.98
6159  17.05.2018 16:00:41  ...                       143.98

[2 rows x 15 columns]
2026-06-01 16:18:18,760 - services - beneficial_cashback - DEBUG - Делай пять - избавляемся от минуса Образование =             Дата операции  ... Сумма операции с округлением
6158  17.05.2018 17:14:47  ...                       143.98
6159  17.05.2018 16:00:41  ...                       143.98

[2 rows x 15 columns]
2026-06-01 16:18:18,760 - services - beneficial_cashback - DEBUG - Делай шесть - получаем сумму по категории Образование = 287.96
2026-06-01 16:18:18,760 - services - beneficial_cashback - DEBUG - Делай семь - добавляем в словарь очередную категорию и расходы по ней {'Услуги банка': 1949.0, 'Супермаркеты': 12368.769999999999, 'Связь': 1200.0, 'Транспорт': 3500.0, 'Различные товары': 1648.4, 'Ж/д билеты': 1427.0, 'Рестораны': 7559.179999999999, 'Фастфуд': 4571.58, 'Пополнения': 60206.4, 'Наличные': 15437.5, 'Переводы': 69619.32, 'Отели': 2806.2099999999996, 'Одежда и обувь': 2708.15, 'Образование': 287.96}
2026-06-01 16:18:18,765 - services - beneficial_cashback - DEBUG - Делай четыре - получаем транзакции по очередной категории Сервис =             Дата операции  ... Сумма операции с округлением
6161  17.05.2018 15:09:16  ...                       186.92

[1 rows x 15 columns]
2026-06-01 16:18:18,770 - services - beneficial_cashback - DEBUG - Делай пять - избавляемся от минуса Сервис =             Дата операции  ... Сумма операции с округлением
6161  17.05.2018 15:09:16  ...                       186.92

[1 rows x 15 columns]
2026-06-01 16:18:18,770 - services - beneficial_cashback - DEBUG - Делай шесть - получаем сумму по категории Сервис = 186.92
2026-06-01 16:18:18,771 - services - beneficial_cashback - DEBUG - Делай семь - добавляем в словарь очередную категорию и расходы по ней {'Услуги банка': 1949.0, 'Супермаркеты': 12368.769999999999, 'Связь': 1200.0, 'Транспорт': 3500.0, 'Различные товары': 1648.4, 'Ж/д билеты': 1427.0, 'Рестораны': 7559.179999999999, 'Фастфуд': 4571.58, 'Пополнения': 60206.4, 'Наличные': 15437.5, 'Переводы': 69619.32, 'Отели': 2806.2099999999996, 'Одежда и обувь': 2708.15, 'Образование': 287.96, 'Сервис': 186.92}
2026-06-01 16:18:18,776 - services - beneficial_cashback - DEBUG - Делай четыре - получаем транзакции по очередной категории Сувениры =             Дата операции  ... Сумма операции с округлением
6164  16.05.2018 17:22:41  ...                        72.57

[1 rows x 15 columns]
2026-06-01 16:18:18,781 - services - beneficial_cashback - DEBUG - Делай пять - избавляемся от минуса Сувениры =             Дата операции  ... Сумма операции с округлением
6164  16.05.2018 17:22:41  ...                        72.57

[1 rows x 15 columns]
2026-06-01 16:18:18,781 - services - beneficial_cashback - DEBUG - Делай шесть - получаем сумму по категории Сувениры = 72.57
2026-06-01 16:18:18,781 - services - beneficial_cashback - DEBUG - Делай семь - добавляем в словарь очередную категорию и расходы по ней {'Услуги банка': 1949.0, 'Супермаркеты': 12368.769999999999, 'Связь': 1200.0, 'Транспорт': 3500.0, 'Различные товары': 1648.4, 'Ж/д билеты': 1427.0, 'Рестораны': 7559.179999999999, 'Фастфуд': 4571.58, 'Пополнения': 60206.4, 'Наличные': 15437.5, 'Переводы': 69619.32, 'Отели': 2806.2099999999996, 'Одежда и обувь': 2708.15, 'Образование': 287.96, 'Сервис': 186.92, 'Сувениры': 72.57}
2026-06-01 16:18:18,787 - services - beneficial_cashback - DEBUG - Делай четыре - получаем транзакции по очередной категории Бонусы =             Дата операции  ... Сумма операции с округлением
6169  16.05.2018 00:00:00  ...                       362.00
6170  16.05.2018 00:00:00  ...                       385.11

[2 rows x 15 columns]
2026-06-01 16:18:18,792 - services - beneficial_cashback - DEBUG - Делай пять - избавляемся от минуса Бонусы =             Дата операции  ... Сумма операции с округлением
6169  16.05.2018 00:00:00  ...                       362.00
6170  16.05.2018 00:00:00  ...                       385.11

[2 rows x 15 columns]
2026-06-01 16:18:18,792 - services - beneficial_cashback - DEBUG - Делай шесть - получаем сумму по категории Бонусы = 747.11
2026-06-01 16:18:18,792 - services - beneficial_cashback - DEBUG - Делай семь - добавляем в словарь очередную категорию и расходы по ней {'Услуги банка': 1949.0, 'Супермаркеты': 12368.769999999999, 'Связь': 1200.0, 'Транспорт': 3500.0, 'Различные товары': 1648.4, 'Ж/д билеты': 1427.0, 'Рестораны': 7559.179999999999, 'Фастфуд': 4571.58, 'Пополнения': 60206.4, 'Наличные': 15437.5, 'Переводы': 69619.32, 'Отели': 2806.2099999999996, 'Одежда и обувь': 2708.15, 'Образование': 287.96, 'Сервис': 186.92, 'Сувениры': 72.57, 'Бонусы': 747.11}
2026-06-01 16:18:18,799 - services - beneficial_cashback - DEBUG - Делай четыре - получаем транзакции по очередной категории Аптеки =             Дата операции  ... Сумма операции с округлением
6179  14.05.2018 00:00:00  ...                       461.99

[1 rows x 15 columns]
2026-06-01 16:18:18,805 - services - beneficial_cashback - DEBUG - Делай пять - избавляемся от минуса Аптеки =             Дата операции  ... Сумма операции с округлением
6179  14.05.2018 00:00:00  ...                       461.99

[1 rows x 15 columns]
2026-06-01 16:18:18,805 - services - beneficial_cashback - DEBUG - Делай шесть - получаем сумму по категории Аптеки = 461.99
2026-06-01 16:18:18,805 - services - beneficial_cashback - DEBUG - Делай семь - добавляем в словарь очередную категорию и расходы по ней {'Услуги банка': 1949.0, 'Супермаркеты': 12368.769999999999, 'Связь': 1200.0, 'Транспорт': 3500.0, 'Различные товары': 1648.4, 'Ж/д билеты': 1427.0, 'Рестораны': 7559.179999999999, 'Фастфуд': 4571.58, 'Пополнения': 60206.4, 'Наличные': 15437.5, 'Переводы': 69619.32, 'Отели': 2806.2099999999996, 'Одежда и обувь': 2708.15, 'Образование': 287.96, 'Сервис': 186.92, 'Сувениры': 72.57, 'Бонусы': 747.11, 'Аптеки': 461.99}
2026-06-01 16:18:18,811 - services - beneficial_cashback - DEBUG - Делай четыре - получаем транзакции по очередной категории Красота =             Дата операции  ... Сумма операции с округлением
6197  11.05.2018 12:02:10  ...                      1130.25

[1 rows x 15 columns]
2026-06-01 16:18:18,816 - services - beneficial_cashback - DEBUG - Делай пять - избавляемся от минуса Красота =             Дата операции  ... Сумма операции с округлением
6197  11.05.2018 12:02:10  ...                      1130.25

[1 rows x 15 columns]
2026-06-01 16:18:18,817 - services - beneficial_cashback - DEBUG - Делай шесть - получаем сумму по категории Красота = 1130.25
2026-06-01 16:18:18,817 - services - beneficial_cashback - DEBUG - Делай семь - добавляем в словарь очередную категорию и расходы по ней {'Услуги банка': 1949.0, 'Супермаркеты': 12368.769999999999, 'Связь': 1200.0, 'Транспорт': 3500.0, 'Различные товары': 1648.4, 'Ж/д билеты': 1427.0, 'Рестораны': 7559.179999999999, 'Фастфуд': 4571.58, 'Пополнения': 60206.4, 'Наличные': 15437.5, 'Переводы': 69619.32, 'Отели': 2806.2099999999996, 'Одежда и обувь': 2708.15, 'Образование': 287.96, 'Сервис': 186.92, 'Сувениры': 72.57, 'Бонусы': 747.11, 'Аптеки': 461.99, 'Красота': 1130.25}
2026-06-01 16:18:18,822 - services - beneficial_cashback - DEBUG - Делай четыре - получаем транзакции по очередной категории Топливо =             Дата операции  ... Сумма операции с округлением
6217  06.05.2018 00:00:00  ...                        278.0

[1 rows x 15 columns]
2026-06-01 16:18:18,827 - services - beneficial_cashback - DEBUG - Делай пять - избавляемся от минуса Топливо =             Дата операции  ... Сумма операции с округлением
6217  06.05.2018 00:00:00  ...                        278.0

[1 rows x 15 columns]
2026-06-01 16:18:18,827 - services - beneficial_cashback - DEBUG - Делай шесть - получаем сумму по категории Топливо = 278.0
2026-06-01 16:18:18,828 - services - beneficial_cashback - DEBUG - Делай семь - добавляем в словарь очередную категорию и расходы по ней {'Услуги банка': 1949.0, 'Супермаркеты': 12368.769999999999, 'Связь': 1200.0, 'Транспорт': 3500.0, 'Различные товары': 1648.4, 'Ж/д билеты': 1427.0, 'Рестораны': 7559.179999999999, 'Фастфуд': 4571.58, 'Пополнения': 60206.4, 'Наличные': 15437.5, 'Переводы': 69619.32, 'Отели': 2806.2099999999996, 'Одежда и обувь': 2708.15, 'Образование': 287.96, 'Сервис': 186.92, 'Сувениры': 72.57, 'Бонусы': 747.11, 'Аптеки': 461.99, 'Красота': 1130.25, 'Топливо': 278.0}
2026-06-01 16:18:18,833 - services - beneficial_cashback - DEBUG - Делай четыре - получаем транзакции по очередной категории НКО =             Дата операции  ... Сумма операции с округлением
6224  05.05.2018 11:37:01  ...                       1000.0

[1 rows x 15 columns]
2026-06-01 16:18:18,838 - services - beneficial_cashback - DEBUG - Делай пять - избавляемся от минуса НКО =             Дата операции  ... Сумма операции с округлением
6224  05.05.2018 11:37:01  ...                       1000.0

[1 rows x 15 columns]
2026-06-01 16:18:18,838 - services - beneficial_cashback - DEBUG - Делай шесть - получаем сумму по категории НКО = 1000.0
2026-06-01 16:18:18,838 - services - beneficial_cashback - DEBUG - Делай семь - добавляем в словарь очередную категорию и расходы по ней {'Услуги банка': 1949.0, 'Супермаркеты': 12368.769999999999, 'Связь': 1200.0, 'Транспорт': 3500.0, 'Различные товары': 1648.4, 'Ж/д билеты': 1427.0, 'Рестораны': 7559.179999999999, 'Фастфуд': 4571.58, 'Пополнения': 60206.4, 'Наличные': 15437.5, 'Переводы': 69619.32, 'Отели': 2806.2099999999996, 'Одежда и обувь': 2708.15, 'Образование': 287.96, 'Сервис': 186.92, 'Сувениры': 72.57, 'Бонусы': 747.11, 'Аптеки': 461.99, 'Красота': 1130.25, 'Топливо': 278.0, 'НКО': 1000.0}
2026-06-01 16:18:18,844 - services - beneficial_cashback - DEBUG - Делай четыре - получаем транзакции по очередной категории Другое =             Дата операции  ... Сумма операции с округлением
6230  03.05.2018 12:21:41  ...                     24491.27
6231  03.05.2018 12:12:49  ...                      5075.71

[2 rows x 15 columns]
2026-06-01 16:18:18,849 - services - beneficial_cashback - DEBUG - Делай пять - избавляемся от минуса Другое =             Дата операции  ... Сумма операции с округлением
6230  03.05.2018 12:21:41  ...                     24491.27
6231  03.05.2018 12:12:49  ...                      5075.71

[2 rows x 15 columns]
2026-06-01 16:18:18,849 - services - beneficial_cashback - DEBUG - Делай шесть - получаем сумму по категории Другое = 29566.98
2026-06-01 16:18:18,849 - services - beneficial_cashback - DEBUG - Делай семь - добавляем в словарь очередную категорию и расходы по ней {'Услуги банка': 1949.0, 'Супермаркеты': 12368.769999999999, 'Связь': 1200.0, 'Транспорт': 3500.0, 'Различные товары': 1648.4, 'Ж/д билеты': 1427.0, 'Рестораны': 7559.179999999999, 'Фастфуд': 4571.58, 'Пополнения': 60206.4, 'Наличные': 15437.5, 'Переводы': 69619.32, 'Отели': 2806.2099999999996, 'Одежда и обувь': 2708.15, 'Образование': 287.96, 'Сервис': 186.92, 'Сувениры': 72.57, 'Бонусы': 747.11, 'Аптеки': 461.99, 'Красота': 1130.25, 'Топливо': 278.0, 'НКО': 1000.0, 'Другое': 29566.98}
2026-06-01 16:18:18,854 - services - beneficial_cashback - DEBUG - Делай четыре - получаем транзакции по очередной категории Финансы =             Дата операции  ... Сумма операции с округлением
6242  30.04.2018 15:27:35  ...                       1596.5

[1 rows x 15 columns]
2026-06-01 16:18:18,859 - services - beneficial_cashback - DEBUG - Делай пять - избавляемся от минуса Финансы =             Дата операции  ... Сумма операции с округлением
6242  30.04.2018 15:27:35  ...                       1596.5

[1 rows x 15 columns]
2026-06-01 16:18:18,859 - services - beneficial_cashback - DEBUG - Делай шесть - получаем сумму по категории Финансы = 1596.5
2026-06-01 16:18:18,859 - services - beneficial_cashback - DEBUG - Делай семь - добавляем в словарь очередную категорию и расходы по ней {'Услуги банка': 1949.0, 'Супермаркеты': 12368.769999999999, 'Связь': 1200.0, 'Транспорт': 3500.0, 'Различные товары': 1648.4, 'Ж/д билеты': 1427.0, 'Рестораны': 7559.179999999999, 'Фастфуд': 4571.58, 'Пополнения': 60206.4, 'Наличные': 15437.5, 'Переводы': 69619.32, 'Отели': 2806.2099999999996, 'Одежда и обувь': 2708.15, 'Образование': 287.96, 'Сервис': 186.92, 'Сувениры': 72.57, 'Бонусы': 747.11, 'Аптеки': 461.99, 'Красота': 1130.25, 'Топливо': 278.0, 'НКО': 1000.0, 'Другое': 29566.98, 'Финансы': 1596.5}
2026-06-01 16:19:30,905 - services - beneficial_cashback - DEBUG - Делай раз - дата фрейм всех транзакций -             Дата операции  ... Сумма операции с округлением
0     31.12.2021 16:44:00  ...                       160.89
1     31.12.2021 16:42:04  ...                        64.00
2     31.12.2021 16:39:04  ...                       118.12
3     31.12.2021 15:44:39  ...                        78.05
4     31.12.2021 01:23:42  ...                       564.00
...                   ...  ...                          ...
6700  04.01.2018 14:05:08  ...                      1065.90
6701  03.01.2018 15:03:35  ...                        73.06
6702  03.01.2018 14:55:21  ...                        21.00
6703  01.01.2018 20:27:51  ...                       316.00
6704  01.01.2018 12:49:53  ...                      3000.00

[6705 rows x 15 columns]
2026-06-01 16:19:30,909 - services - beneficial_cashback - DEBUG - Делай два - дата фрейм с исследуемым годом и месяцем - 6091   2018-05-30
6092   2018-05-31
6093   2018-05-31
6094   2018-05-31
6095   2018-05-30
          ...    
6244   2018-05-02
6245   2018-05-02
6246   2018-05-01
6248   2018-05-04
6249   2018-05-01
Name: Дата платежа, Length: 158, dtype: datetime64[us]
2026-06-01 16:19:30,909 - services - beneficial_cashback - DEBUG - Делай три - создан список категорий без повторений - <StringArray>
[    'Услуги банка',     'Супермаркеты',            'Связь',
        'Транспорт', 'Различные товары',       'Ж/д билеты',
        'Рестораны',          'Фастфуд',       'Пополнения',
         'Наличные',         'Переводы',            'Отели',
   'Одежда и обувь',      'Образование',           'Сервис',
         'Сувениры',           'Бонусы',           'Аптеки',
          'Красота',          'Топливо',              'НКО',
           'Другое',          'Финансы']
Length: 23, dtype: str
2026-06-01 16:19:30,915 - services - beneficial_cashback - DEBUG - Делай четыре - получаем транзакции по очередной категории Услуги банка =             Дата операции  ... Сумма операции с округлением
6091  30.05.2018 00:00:00  ...                       1890.0
6098  29.05.2018 00:00:00  ...                         59.0

[2 rows x 15 columns]
2026-06-01 16:19:30,920 - services - beneficial_cashback - DEBUG - Делай пять - избавляемся от минуса Услуги банка =             Дата операции  ... Сумма операции с округлением
6091  30.05.2018 00:00:00  ...                       1890.0
6098  29.05.2018 00:00:00  ...                         59.0

[2 rows x 15 columns]
2026-06-01 16:19:30,920 - services - beneficial_cashback - DEBUG - Делай шесть - получаем сумму по категории Услуги банка = 1949.0
2026-06-01 16:19:30,920 - services - beneficial_cashback - DEBUG - Делай семь - добавляем в словарь очередную категорию и расходы по ней {'Услуги банка': np.float64(1949.0)}
2026-06-01 16:19:30,930 - services - beneficial_cashback - DEBUG - Делай четыре - получаем транзакции по очередной категории Супермаркеты =             Дата операции  ... Сумма операции с округлением
6092  29.05.2018 22:29:19  ...                       106.60
6093  29.05.2018 22:20:20  ...                       238.60
6094  29.05.2018 17:39:23  ...                       149.40
6096  29.05.2018 15:58:44  ...                        49.80
6097  29.05.2018 13:30:15  ...                       331.71
6099  28.05.2018 23:38:35  ...                       129.72
6103  27.05.2018 15:16:54  ...                       399.00
6104  27.05.2018 13:35:45  ...                       295.80
6111  26.05.2018 15:40:40  ...                       126.80
6112  25.05.2018 17:29:11  ...                       250.00
6113  25.05.2018 17:21:41  ...                       193.70
6117  24.05.2018 22:38:54  ...                       191.50
6119  24.05.2018 09:55:58  ...                       445.39
6125  23.05.2018 10:28:27  ...                       157.25
6127  22.05.2018 18:15:12  ...                        69.60
6128  22.05.2018 16:44:05  ...                      2465.36
6131  22.05.2018 13:05:56  ...                        54.55
6132  22.05.2018 11:20:33  ...                       278.39
6136  21.05.2018 00:00:00  ...                       221.88
6137  21.05.2018 00:00:00  ...                        45.00
6142  20.05.2018 14:34:52  ...                       326.53
6144  20.05.2018 12:48:01  ...                        21.73
6146  19.05.2018 16:38:52  ...                        27.39
6147  19.05.2018 14:45:40  ...                        21.66
6148  19.05.2018 12:37:10  ...                       193.65
6149  19.05.2018 10:13:32  ...                        83.45
6150  18.05.2018 17:32:43  ...                        61.15
6152  18.05.2018 15:34:33  ...                        28.67
6153  18.05.2018 12:00:44  ...                        83.45
6155  17.05.2018 19:08:25  ...                       118.72
6156  17.05.2018 18:24:53  ...                       143.96
6160  17.05.2018 15:15:14  ...                       293.02
6162  17.05.2018 12:27:06  ...                        21.47
6165  16.05.2018 16:48:01  ...                       172.40
6167  16.05.2018 13:47:41  ...                       108.53
6168  16.05.2018 12:57:28  ...                       279.53
6171  15.05.2018 15:53:27  ...                        54.10
6174  15.05.2018 12:31:04  ...                        43.92
6177  14.05.2018 00:00:00  ...                        39.82
6178  14.05.2018 00:00:00  ...                        51.82
6182  13.05.2018 18:40:15  ...                       512.41
6185  13.05.2018 08:54:16  ...                       162.41
6195  11.05.2018 17:27:32  ...                       178.57
6201  10.05.2018 14:49:30  ...                       242.99
6203  09.05.2018 21:15:41  ...                       285.00
6210  08.05.2018 19:34:15  ...                        44.79
6213  07.05.2018 17:40:52  ...                       181.60
6218  06.05.2018 00:00:00  ...                       250.00
6219  05.05.2018 20:52:23  ...                       250.00
6220  05.05.2018 20:27:42  ...                       285.09
6221  05.05.2018 15:52:43  ...                        69.80
6226  04.05.2018 21:07:21  ...                        38.59
6228  03.05.2018 15:19:06  ...                       368.30
6233  02.05.2018 18:28:38  ...                       221.27
6236  01.05.2018 22:06:23  ...                       416.30
6243  30.04.2018 13:09:05  ...                       116.16
6244  29.04.2018 18:57:14  ...                        88.80
6245  29.04.2018 14:17:39  ...                       220.27
6248  28.04.2018 18:17:43  ...                        61.40

[59 rows x 15 columns]
2026-06-01 16:19:30,940 - services - beneficial_cashback - DEBUG - Делай пять - избавляемся от минуса Супермаркеты =             Дата операции  ... Сумма операции с округлением
6092  29.05.2018 22:29:19  ...                       106.60
6093  29.05.2018 22:20:20  ...                       238.60
6094  29.05.2018 17:39:23  ...                       149.40
6096  29.05.2018 15:58:44  ...                        49.80
6097  29.05.2018 13:30:15  ...                       331.71
6099  28.05.2018 23:38:35  ...                       129.72
6103  27.05.2018 15:16:54  ...                       399.00
6104  27.05.2018 13:35:45  ...                       295.80
6111  26.05.2018 15:40:40  ...                       126.80
6112  25.05.2018 17:29:11  ...                       250.00
6113  25.05.2018 17:21:41  ...                       193.70
6117  24.05.2018 22:38:54  ...                       191.50
6119  24.05.2018 09:55:58  ...                       445.39
6125  23.05.2018 10:28:27  ...                       157.25
6127  22.05.2018 18:15:12  ...                        69.60
6128  22.05.2018 16:44:05  ...                      2465.36
6131  22.05.2018 13:05:56  ...                        54.55
6132  22.05.2018 11:20:33  ...                       278.39
6136  21.05.2018 00:00:00  ...                       221.88
6137  21.05.2018 00:00:00  ...                        45.00
6142  20.05.2018 14:34:52  ...                       326.53
6144  20.05.2018 12:48:01  ...                        21.73
6146  19.05.2018 16:38:52  ...                        27.39
6147  19.05.2018 14:45:40  ...                        21.66
6148  19.05.2018 12:37:10  ...                       193.65
6149  19.05.2018 10:13:32  ...                        83.45
6150  18.05.2018 17:32:43  ...                        61.15
6152  18.05.2018 15:34:33  ...                        28.67
6153  18.05.2018 12:00:44  ...                        83.45
6155  17.05.2018 19:08:25  ...                       118.72
6156  17.05.2018 18:24:53  ...                       143.96
6160  17.05.2018 15:15:14  ...                       293.02
6162  17.05.2018 12:27:06  ...                        21.47
6165  16.05.2018 16:48:01  ...                       172.40
6167  16.05.2018 13:47:41  ...                       108.53
6168  16.05.2018 12:57:28  ...                       279.53
6171  15.05.2018 15:53:27  ...                        54.10
6174  15.05.2018 12:31:04  ...                        43.92
6177  14.05.2018 00:00:00  ...                        39.82
6178  14.05.2018 00:00:00  ...                        51.82
6182  13.05.2018 18:40:15  ...                       512.41
6185  13.05.2018 08:54:16  ...                       162.41
6195  11.05.2018 17:27:32  ...                       178.57
6201  10.05.2018 14:49:30  ...                       242.99
6203  09.05.2018 21:15:41  ...                       285.00
6210  08.05.2018 19:34:15  ...                        44.79
6213  07.05.2018 17:40:52  ...                       181.60
6218  06.05.2018 00:00:00  ...                       250.00
6219  05.05.2018 20:52:23  ...                       250.00
6220  05.05.2018 20:27:42  ...                       285.09
6221  05.05.2018 15:52:43  ...                        69.80
6226  04.05.2018 21:07:21  ...                        38.59
6228  03.05.2018 15:19:06  ...                       368.30
6233  02.05.2018 18:28:38  ...                       221.27
6236  01.05.2018 22:06:23  ...                       416.30
6243  30.04.2018 13:09:05  ...                       116.16
6244  29.04.2018 18:57:14  ...                        88.80
6245  29.04.2018 14:17:39  ...                       220.27
6248  28.04.2018 18:17:43  ...                        61.40

[59 rows x 15 columns]
2026-06-01 16:19:30,940 - services - beneficial_cashback - DEBUG - Делай шесть - получаем сумму по категории Супермаркеты = 12368.769999999999
2026-06-01 16:19:30,941 - services - beneficial_cashback - DEBUG - Делай семь - добавляем в словарь очередную категорию и расходы по ней {'Услуги банка': np.float64(1949.0), 'Супермаркеты': np.float64(12368.769999999999)}
2026-06-01 16:19:30,946 - services - beneficial_cashback - DEBUG - Делай четыре - получаем транзакции по очередной категории Связь =             Дата операции  ... Сумма операции с округлением
6095  29.05.2018 16:11:17  ...                        250.0
6100  28.05.2018 00:00:00  ...                        200.0
6101  28.05.2018 00:00:00  ...                        500.0
6232  03.05.2018 01:20:20  ...                        250.0

[4 rows x 15 columns]
2026-06-01 16:19:30,951 - services - beneficial_cashback - DEBUG - Делай пять - избавляемся от минуса Связь =             Дата операции  ... Сумма операции с округлением
6095  29.05.2018 16:11:17  ...                        250.0
6100  28.05.2018 00:00:00  ...                        200.0
6101  28.05.2018 00:00:00  ...                        500.0
6232  03.05.2018 01:20:20  ...                        250.0

[4 rows x 15 columns]
2026-06-01 16:19:30,952 - services - beneficial_cashback - DEBUG - Делай шесть - получаем сумму по категории Связь = 1200.0
2026-06-01 16:19:30,952 - services - beneficial_cashback - DEBUG - Делай семь - добавляем в словарь очередную категорию и расходы по ней {'Услуги банка': np.float64(1949.0), 'Супермаркеты': np.float64(12368.769999999999), 'Связь': np.float64(1200.0)}
2026-06-01 16:19:30,957 - services - beneficial_cashback - DEBUG - Делай четыре - получаем транзакции по очередной категории Транспорт =             Дата операции  ... Сумма операции с округлением
6102  28.05.2018 00:00:00  ...                        485.0
6116  25.05.2018 00:00:00  ...                       1533.0
6202  10.05.2018 03:11:53  ...                       1482.0

[3 rows x 15 columns]
2026-06-01 16:19:30,962 - services - beneficial_cashback - DEBUG - Делай пять - избавляемся от минуса Транспорт =             Дата операции  ... Сумма операции с округлением
6102  28.05.2018 00:00:00  ...                        485.0
6116  25.05.2018 00:00:00  ...                       1533.0
6202  10.05.2018 03:11:53  ...                       1482.0

[3 rows x 15 columns]
2026-06-01 16:19:30,962 - services - beneficial_cashback - DEBUG - Делай шесть - получаем сумму по категории Транспорт = 3500.0
2026-06-01 16:19:30,962 - services - beneficial_cashback - DEBUG - Делай семь - добавляем в словарь очередную категорию и расходы по ней {'Услуги банка': np.float64(1949.0), 'Супермаркеты': np.float64(12368.769999999999), 'Связь': np.float64(1200.0), 'Транспорт': np.float64(3500.0)}
2026-06-01 16:19:30,968 - services - beneficial_cashback - DEBUG - Делай четыре - получаем транзакции по очередной категории Различные товары =             Дата операции  ... Сумма операции с округлением
6105  27.05.2018 13:29:06  ...                         46.0
6215  07.05.2018 16:45:11  ...                       1602.4

[2 rows x 15 columns]
2026-06-01 16:19:30,973 - services - beneficial_cashback - DEBUG - Делай пять - избавляемся от минуса Различные товары =             Дата операции  ... Сумма операции с округлением
6105  27.05.2018 13:29:06  ...                         46.0
6215  07.05.2018 16:45:11  ...                       1602.4

[2 rows x 15 columns]
2026-06-01 16:19:30,973 - services - beneficial_cashback - DEBUG - Делай шесть - получаем сумму по категории Различные товары = 1648.4
2026-06-01 16:19:30,973 - services - beneficial_cashback - DEBUG - Делай семь - добавляем в словарь очередную категорию и расходы по ней {'Услуги банка': np.float64(1949.0), 'Супермаркеты': np.float64(12368.769999999999), 'Связь': np.float64(1200.0), 'Транспорт': np.float64(3500.0), 'Различные товары': np.float64(1648.4)}
2026-06-01 16:19:30,979 - services - beneficial_cashback - DEBUG - Делай четыре - получаем транзакции по очередной категории Ж/д билеты =             Дата операции  ... Сумма операции с округлением
6106  27.05.2018 12:57:41  ...                        300.0
6107  27.05.2018 07:19:02  ...                         45.0
6109  26.05.2018 18:30:22  ...                         40.0
6115  25.05.2018 14:49:12  ...                        360.0
6207  09.05.2018 11:46:17  ...                        114.0
6225  05.05.2018 11:04:33  ...                        360.0
6237  01.05.2018 19:39:19  ...                        208.0

[7 rows x 15 columns]
2026-06-01 16:19:30,984 - services - beneficial_cashback - DEBUG - Делай пять - избавляемся от минуса Ж/д билеты =             Дата операции  ... Сумма операции с округлением
6106  27.05.2018 12:57:41  ...                        300.0
6107  27.05.2018 07:19:02  ...                         45.0
6109  26.05.2018 18:30:22  ...                         40.0
6115  25.05.2018 14:49:12  ...                        360.0
6207  09.05.2018 11:46:17  ...                        114.0
6225  05.05.2018 11:04:33  ...                        360.0
6237  01.05.2018 19:39:19  ...                        208.0

[7 rows x 15 columns]
2026-06-01 16:19:30,984 - services - beneficial_cashback - DEBUG - Делай шесть - получаем сумму по категории Ж/д билеты = 1427.0
2026-06-01 16:19:30,984 - services - beneficial_cashback - DEBUG - Делай семь - добавляем в словарь очередную категорию и расходы по ней {'Услуги банка': np.float64(1949.0), 'Супермаркеты': np.float64(12368.769999999999), 'Связь': np.float64(1200.0), 'Транспорт': np.float64(3500.0), 'Различные товары': np.float64(1648.4), 'Ж/д билеты': np.float64(1427.0)}
2026-06-01 16:19:30,991 - services - beneficial_cashback - DEBUG - Делай четыре - получаем транзакции по очередной категории Рестораны =             Дата операции  ... Сумма операции с округлением
6108  27.05.2018 00:00:00  ...                       345.00
6124  23.05.2018 12:33:02  ...                        53.88
6126  22.05.2018 22:06:18  ...                        27.59
6129  22.05.2018 15:46:21  ...                        55.18
6133  21.05.2018 21:52:51  ...                       277.13
6135  21.05.2018 00:00:00  ...                        55.63
6138  21.05.2018 00:00:00  ...                       122.50
6141  20.05.2018 17:47:46  ...                       245.38
6145  19.05.2018 22:23:05  ...                       362.31
6151  18.05.2018 17:10:05  ...                       119.12
6157  17.05.2018 17:53:20  ...                       663.75
6163  16.05.2018 23:04:38  ...                       258.92
6166  16.05.2018 15:32:51  ...                      1368.46
6172  15.05.2018 14:53:40  ...                       601.49
6176  14.05.2018 17:52:40  ...                      1262.82
6183  13.05.2018 18:15:19  ...                       130.94
6186  12.05.2018 19:23:00  ...                       118.98
6188  12.05.2018 17:10:15  ...                      1198.57
6194  11.05.2018 18:00:37  ...                       179.84
6196  11.05.2018 15:24:37  ...                       111.69

[20 rows x 15 columns]
2026-06-01 16:19:30,998 - services - beneficial_cashback - DEBUG - Делай пять - избавляемся от минуса Рестораны =             Дата операции  ... Сумма операции с округлением
6108  27.05.2018 00:00:00  ...                       345.00
6124  23.05.2018 12:33:02  ...                        53.88
6126  22.05.2018 22:06:18  ...                        27.59
6129  22.05.2018 15:46:21  ...                        55.18
6133  21.05.2018 21:52:51  ...                       277.13
6135  21.05.2018 00:00:00  ...                        55.63
6138  21.05.2018 00:00:00  ...                       122.50
6141  20.05.2018 17:47:46  ...                       245.38
6145  19.05.2018 22:23:05  ...                       362.31
6151  18.05.2018 17:10:05  ...                       119.12
6157  17.05.2018 17:53:20  ...                       663.75
6163  16.05.2018 23:04:38  ...                       258.92
6166  16.05.2018 15:32:51  ...                      1368.46
6172  15.05.2018 14:53:40  ...                       601.49
6176  14.05.2018 17:52:40  ...                      1262.82
6183  13.05.2018 18:15:19  ...                       130.94
6186  12.05.2018 19:23:00  ...                       118.98
6188  12.05.2018 17:10:15  ...                      1198.57
6194  11.05.2018 18:00:37  ...                       179.84
6196  11.05.2018 15:24:37  ...                       111.69

[20 rows x 15 columns]
2026-06-01 16:19:30,998 - services - beneficial_cashback - DEBUG - Делай шесть - получаем сумму по категории Рестораны = 7559.179999999999
2026-06-01 16:19:30,998 - services - beneficial_cashback - DEBUG - Делай семь - добавляем в словарь очередную категорию и расходы по ней {'Услуги банка': np.float64(1949.0), 'Супермаркеты': np.float64(12368.769999999999), 'Связь': np.float64(1200.0), 'Транспорт': np.float64(3500.0), 'Различные товары': np.float64(1648.4), 'Ж/д билеты': np.float64(1427.0), 'Рестораны': np.float64(7559.179999999999)}
2026-06-01 16:19:31,005 - services - beneficial_cashback - DEBUG - Делай четыре - получаем транзакции по очередной категории Фастфуд =             Дата операции  ... Сумма операции с округлением
6110  26.05.2018 17:08:35  ...                       389.00
6200  10.05.2018 15:04:24  ...                       430.58
6204  09.05.2018 13:55:13  ...                       145.00
6205  09.05.2018 13:44:00  ...                       328.00
6212  08.05.2018 11:37:29  ...                       170.90
6214  07.05.2018 16:55:51  ...                       221.80
6216  07.05.2018 13:05:55  ...                       285.00
6222  05.05.2018 14:35:40  ...                        55.90
6223  05.05.2018 14:32:07  ...                       331.80
6227  04.05.2018 14:00:49  ...                       315.00
6229  03.05.2018 14:11:19  ...                       275.00
6234  02.05.2018 16:26:23  ...                        58.00
6235  02.05.2018 15:28:35  ...                       389.00
6239  01.05.2018 16:50:49  ...                        69.90
6240  01.05.2018 16:49:16  ...                       296.80
6241  30.04.2018 17:49:25  ...                       389.00
6246  29.04.2018 11:30:29  ...                       250.00
6249  28.04.2018 16:56:24  ...                       170.90

[18 rows x 15 columns]
2026-06-01 16:19:31,012 - services - beneficial_cashback - DEBUG - Делай пять - избавляемся от минуса Фастфуд =             Дата операции  ... Сумма операции с округлением
6110  26.05.2018 17:08:35  ...                       389.00
6200  10.05.2018 15:04:24  ...                       430.58
6204  09.05.2018 13:55:13  ...                       145.00
6205  09.05.2018 13:44:00  ...                       328.00
6212  08.05.2018 11:37:29  ...                       170.90
6214  07.05.2018 16:55:51  ...                       221.80
6216  07.05.2018 13:05:55  ...                       285.00
6222  05.05.2018 14:35:40  ...                        55.90
6223  05.05.2018 14:32:07  ...                       331.80
6227  04.05.2018 14:00:49  ...                       315.00
6229  03.05.2018 14:11:19  ...                       275.00
6234  02.05.2018 16:26:23  ...                        58.00
6235  02.05.2018 15:28:35  ...                       389.00
6239  01.05.2018 16:50:49  ...                        69.90
6240  01.05.2018 16:49:16  ...                       296.80
6241  30.04.2018 17:49:25  ...                       389.00
6246  29.04.2018 11:30:29  ...                       250.00
6249  28.04.2018 16:56:24  ...                       170.90

[18 rows x 15 columns]
2026-06-01 16:19:31,012 - services - beneficial_cashback - DEBUG - Делай шесть - получаем сумму по категории Фастфуд = 4571.58
2026-06-01 16:19:31,012 - services - beneficial_cashback - DEBUG - Делай семь - добавляем в словарь очередную категорию и расходы по ней {'Услуги банка': np.float64(1949.0), 'Супермаркеты': np.float64(12368.769999999999), 'Связь': np.float64(1200.0), 'Транспорт': np.float64(3500.0), 'Различные товары': np.float64(1648.4), 'Ж/д билеты': np.float64(1427.0), 'Рестораны': np.float64(7559.179999999999), 'Фастфуд': np.float64(4571.58)}
2026-06-01 16:19:31,017 - services - beneficial_cashback - DEBUG - Делай четыре - получаем транзакции по очередной категории Пополнения =             Дата операции  ... Сумма операции с округлением
6114  25.05.2018 16:47:10  ...                      18200.0
6208  08.05.2018 21:07:17  ...                      12006.4
6209  08.05.2018 21:05:59  ...                      30000.0

[3 rows x 15 columns]
2026-06-01 16:19:31,022 - services - beneficial_cashback - DEBUG - Делай пять - избавляемся от минуса Пополнения =             Дата операции  ... Сумма операции с округлением
6114  25.05.2018 16:47:10  ...                      18200.0
6208  08.05.2018 21:07:17  ...                      12006.4
6209  08.05.2018 21:05:59  ...                      30000.0

[3 rows x 15 columns]
2026-06-01 16:19:31,022 - services - beneficial_cashback - DEBUG - Делай шесть - получаем сумму по категории Пополнения = 60206.4
2026-06-01 16:19:31,022 - services - beneficial_cashback - DEBUG - Делай семь - добавляем в словарь очередную категорию и расходы по ней {'Услуги банка': np.float64(1949.0), 'Супермаркеты': np.float64(12368.769999999999), 'Связь': np.float64(1200.0), 'Транспорт': np.float64(3500.0), 'Различные товары': np.float64(1648.4), 'Ж/д билеты': np.float64(1427.0), 'Рестораны': np.float64(7559.179999999999), 'Фастфуд': np.float64(4571.58), 'Пополнения': np.float64(60206.4)}
2026-06-01 16:19:31,028 - services - beneficial_cashback - DEBUG - Делай четыре - получаем транзакции по очередной категории Наличные =             Дата операции  ... Сумма операции с округлением
6118  24.05.2018 12:54:03  ...                       3000.0
6122  23.05.2018 19:02:38  ...                       3132.5
6154  17.05.2018 21:22:29  ...                       3157.5
6187  12.05.2018 19:02:09  ...                       3147.5
6211  08.05.2018 18:54:18  ...                       3000.0

[5 rows x 15 columns]
2026-06-01 16:19:31,033 - services - beneficial_cashback - DEBUG - Делай пять - избавляемся от минуса Наличные =             Дата операции  ... Сумма операции с округлением
6118  24.05.2018 12:54:03  ...                       3000.0
6122  23.05.2018 19:02:38  ...                       3132.5
6154  17.05.2018 21:22:29  ...                       3157.5
6187  12.05.2018 19:02:09  ...                       3147.5
6211  08.05.2018 18:54:18  ...                       3000.0

[5 rows x 15 columns]
2026-06-01 16:19:31,033 - services - beneficial_cashback - DEBUG - Делай шесть - получаем сумму по категории Наличные = 15437.5
2026-06-01 16:19:31,033 - services - beneficial_cashback - DEBUG - Делай семь - добавляем в словарь очередную категорию и расходы по ней {'Услуги банка': np.float64(1949.0), 'Супермаркеты': np.float64(12368.769999999999), 'Связь': np.float64(1200.0), 'Транспорт': np.float64(3500.0), 'Различные товары': np.float64(1648.4), 'Ж/д билеты': np.float64(1427.0), 'Рестораны': np.float64(7559.179999999999), 'Фастфуд': np.float64(4571.58), 'Пополнения': np.float64(60206.4), 'Наличные': np.float64(15437.5)}
2026-06-01 16:19:31,039 - services - beneficial_cashback - DEBUG - Делай четыре - получаем транзакции по очередной категории Переводы =             Дата операции  ... Сумма операции с округлением
6120  23.05.2018 23:37:23  ...                     34427.66
6121  23.05.2018 23:37:21  ...                     34427.66
6206  09.05.2018 13:38:54  ...                       164.00
6238  01.05.2018 17:07:55  ...                       600.00

[4 rows x 15 columns]
2026-06-01 16:19:31,044 - services - beneficial_cashback - DEBUG - Делай пять - избавляемся от минуса Переводы =             Дата операции  ... Сумма операции с округлением
6120  23.05.2018 23:37:23  ...                     34427.66
6121  23.05.2018 23:37:21  ...                     34427.66
6206  09.05.2018 13:38:54  ...                       164.00
6238  01.05.2018 17:07:55  ...                       600.00

[4 rows x 15 columns]
2026-06-01 16:19:31,044 - services - beneficial_cashback - DEBUG - Делай шесть - получаем сумму по категории Переводы = 69619.32
2026-06-01 16:19:31,044 - services - beneficial_cashback - DEBUG - Делай семь - добавляем в словарь очередную категорию и расходы по ней {'Услуги банка': np.float64(1949.0), 'Супермаркеты': np.float64(12368.769999999999), 'Связь': np.float64(1200.0), 'Транспорт': np.float64(3500.0), 'Различные товары': np.float64(1648.4), 'Ж/д билеты': np.float64(1427.0), 'Рестораны': np.float64(7559.179999999999), 'Фастфуд': np.float64(4571.58), 'Пополнения': np.float64(60206.4), 'Наличные': np.float64(15437.5), 'Переводы': np.float64(69619.32)}
2026-06-01 16:19:31,050 - services - beneficial_cashback - DEBUG - Делай четыре - получаем транзакции по очередной категории Отели =             Дата операции  ... Сумма операции с округлением
6123  23.05.2018 15:24:51  ...                       134.70
6130  22.05.2018 14:28:52  ...                       138.57
6134  21.05.2018 00:00:00  ...                       140.00
6143  20.05.2018 14:24:16  ...                       332.92
6175  15.05.2018 12:25:19  ...                       381.90
6180  14.05.2018 00:00:00  ...                       148.52
6181  14.05.2018 00:00:00  ...                       148.52
6184  13.05.2018 09:19:15  ...                       344.97
6190  12.05.2018 13:20:34  ...                       150.18
6191  12.05.2018 10:31:38  ...                        44.80
6192  12.05.2018 10:27:58  ...                       390.59
6193  11.05.2018 18:33:08  ...                       150.18
6198  11.05.2018 10:15:26  ...                       150.18
6199  10.05.2018 15:49:58  ...                       150.18

[14 rows x 15 columns]
2026-06-01 16:19:31,056 - services - beneficial_cashback - DEBUG - Делай пять - избавляемся от минуса Отели =             Дата операции  ... Сумма операции с округлением
6123  23.05.2018 15:24:51  ...                       134.70
6130  22.05.2018 14:28:52  ...                       138.57
6134  21.05.2018 00:00:00  ...                       140.00
6143  20.05.2018 14:24:16  ...                       332.92
6175  15.05.2018 12:25:19  ...                       381.90
6180  14.05.2018 00:00:00  ...                       148.52
6181  14.05.2018 00:00:00  ...                       148.52
6184  13.05.2018 09:19:15  ...                       344.97
6190  12.05.2018 13:20:34  ...                       150.18
6191  12.05.2018 10:31:38  ...                        44.80
6192  12.05.2018 10:27:58  ...                       390.59
6193  11.05.2018 18:33:08  ...                       150.18
6198  11.05.2018 10:15:26  ...                       150.18
6199  10.05.2018 15:49:58  ...                       150.18

[14 rows x 15 columns]
2026-06-01 16:19:31,057 - services - beneficial_cashback - DEBUG - Делай шесть - получаем сумму по категории Отели = 2806.2099999999996
2026-06-01 16:19:31,057 - services - beneficial_cashback - DEBUG - Делай семь - добавляем в словарь очередную категорию и расходы по ней {'Услуги банка': np.float64(1949.0), 'Супермаркеты': np.float64(12368.769999999999), 'Связь': np.float64(1200.0), 'Транспорт': np.float64(3500.0), 'Различные товары': np.float64(1648.4), 'Ж/д билеты': np.float64(1427.0), 'Рестораны': np.float64(7559.179999999999), 'Фастфуд': np.float64(4571.58), 'Пополнения': np.float64(60206.4), 'Наличные': np.float64(15437.5), 'Переводы': np.float64(69619.32), 'Отели': np.float64(2806.2099999999996)}
2026-06-01 16:19:31,062 - services - beneficial_cashback - DEBUG - Делай четыре - получаем транзакции по очередной категории Одежда и обувь =             Дата операции  ... Сумма операции с округлением
6139  20.05.2018 21:50:08  ...                       505.45
6140  20.05.2018 21:48:58  ...                       288.19
6173  15.05.2018 14:03:17  ...                      1320.74
6189  12.05.2018 15:53:44  ...                       593.77

[4 rows x 15 columns]
2026-06-01 16:19:31,067 - services - beneficial_cashback - DEBUG - Делай пять - избавляемся от минуса Одежда и обувь =             Дата операции  ... Сумма операции с округлением
6139  20.05.2018 21:50:08  ...                       505.45
6140  20.05.2018 21:48:58  ...                       288.19
6173  15.05.2018 14:03:17  ...                      1320.74
6189  12.05.2018 15:53:44  ...                       593.77

[4 rows x 15 columns]
2026-06-01 16:19:31,067 - services - beneficial_cashback - DEBUG - Делай шесть - получаем сумму по категории Одежда и обувь = 2708.15
2026-06-01 16:19:31,067 - services - beneficial_cashback - DEBUG - Делай семь - добавляем в словарь очередную категорию и расходы по ней {'Услуги банка': np.float64(1949.0), 'Супермаркеты': np.float64(12368.769999999999), 'Связь': np.float64(1200.0), 'Транспорт': np.float64(3500.0), 'Различные товары': np.float64(1648.4), 'Ж/д билеты': np.float64(1427.0), 'Рестораны': np.float64(7559.179999999999), 'Фастфуд': np.float64(4571.58), 'Пополнения': np.float64(60206.4), 'Наличные': np.float64(15437.5), 'Переводы': np.float64(69619.32), 'Отели': np.float64(2806.2099999999996), 'Одежда и обувь': np.float64(2708.15)}
2026-06-01 16:19:31,073 - services - beneficial_cashback - DEBUG - Делай четыре - получаем транзакции по очередной категории Образование =             Дата операции  ... Сумма операции с округлением
6158  17.05.2018 17:14:47  ...                       143.98
6159  17.05.2018 16:00:41  ...                       143.98

[2 rows x 15 columns]
2026-06-01 16:19:31,078 - services - beneficial_cashback - DEBUG - Делай пять - избавляемся от минуса Образование =             Дата операции  ... Сумма операции с округлением
6158  17.05.2018 17:14:47  ...                       143.98
6159  17.05.2018 16:00:41  ...                       143.98

[2 rows x 15 columns]
2026-06-01 16:19:31,078 - services - beneficial_cashback - DEBUG - Делай шесть - получаем сумму по категории Образование = 287.96
2026-06-01 16:19:31,078 - services - beneficial_cashback - DEBUG - Делай семь - добавляем в словарь очередную категорию и расходы по ней {'Услуги банка': np.float64(1949.0), 'Супермаркеты': np.float64(12368.769999999999), 'Связь': np.float64(1200.0), 'Транспорт': np.float64(3500.0), 'Различные товары': np.float64(1648.4), 'Ж/д билеты': np.float64(1427.0), 'Рестораны': np.float64(7559.179999999999), 'Фастфуд': np.float64(4571.58), 'Пополнения': np.float64(60206.4), 'Наличные': np.float64(15437.5), 'Переводы': np.float64(69619.32), 'Отели': np.float64(2806.2099999999996), 'Одежда и обувь': np.float64(2708.15), 'Образование': np.float64(287.96)}
2026-06-01 16:19:31,083 - services - beneficial_cashback - DEBUG - Делай четыре - получаем транзакции по очередной категории Сервис =             Дата операции  ... Сумма операции с округлением
6161  17.05.2018 15:09:16  ...                       186.92

[1 rows x 15 columns]
2026-06-01 16:19:31,088 - services - beneficial_cashback - DEBUG - Делай пять - избавляемся от минуса Сервис =             Дата операции  ... Сумма операции с округлением
6161  17.05.2018 15:09:16  ...                       186.92

[1 rows x 15 columns]
2026-06-01 16:19:31,088 - services - beneficial_cashback - DEBUG - Делай шесть - получаем сумму по категории Сервис = 186.92
2026-06-01 16:19:31,088 - services - beneficial_cashback - DEBUG - Делай семь - добавляем в словарь очередную категорию и расходы по ней {'Услуги банка': np.float64(1949.0), 'Супермаркеты': np.float64(12368.769999999999), 'Связь': np.float64(1200.0), 'Транспорт': np.float64(3500.0), 'Различные товары': np.float64(1648.4), 'Ж/д билеты': np.float64(1427.0), 'Рестораны': np.float64(7559.179999999999), 'Фастфуд': np.float64(4571.58), 'Пополнения': np.float64(60206.4), 'Наличные': np.float64(15437.5), 'Переводы': np.float64(69619.32), 'Отели': np.float64(2806.2099999999996), 'Одежда и обувь': np.float64(2708.15), 'Образование': np.float64(287.96), 'Сервис': np.float64(186.92)}
2026-06-01 16:19:31,093 - services - beneficial_cashback - DEBUG - Делай четыре - получаем транзакции по очередной категории Сувениры =             Дата операции  ... Сумма операции с округлением
6164  16.05.2018 17:22:41  ...                        72.57

[1 rows x 15 columns]
2026-06-01 16:19:31,098 - services - beneficial_cashback - DEBUG - Делай пять - избавляемся от минуса Сувениры =             Дата операции  ... Сумма операции с округлением
6164  16.05.2018 17:22:41  ...                        72.57

[1 rows x 15 columns]
2026-06-01 16:19:31,098 - services - beneficial_cashback - DEBUG - Делай шесть - получаем сумму по категории Сувениры = 72.57
2026-06-01 16:19:31,098 - services - beneficial_cashback - DEBUG - Делай семь - добавляем в словарь очередную категорию и расходы по ней {'Услуги банка': np.float64(1949.0), 'Супермаркеты': np.float64(12368.769999999999), 'Связь': np.float64(1200.0), 'Транспорт': np.float64(3500.0), 'Различные товары': np.float64(1648.4), 'Ж/д билеты': np.float64(1427.0), 'Рестораны': np.float64(7559.179999999999), 'Фастфуд': np.float64(4571.58), 'Пополнения': np.float64(60206.4), 'Наличные': np.float64(15437.5), 'Переводы': np.float64(69619.32), 'Отели': np.float64(2806.2099999999996), 'Одежда и обувь': np.float64(2708.15), 'Образование': np.float64(287.96), 'Сервис': np.float64(186.92), 'Сувениры': np.float64(72.57)}
2026-06-01 16:19:31,103 - services - beneficial_cashback - DEBUG - Делай четыре - получаем транзакции по очередной категории Бонусы =             Дата операции  ... Сумма операции с округлением
6169  16.05.2018 00:00:00  ...                       362.00
6170  16.05.2018 00:00:00  ...                       385.11

[2 rows x 15 columns]
2026-06-01 16:19:31,108 - services - beneficial_cashback - DEBUG - Делай пять - избавляемся от минуса Бонусы =             Дата операции  ... Сумма операции с округлением
6169  16.05.2018 00:00:00  ...                       362.00
6170  16.05.2018 00:00:00  ...                       385.11

[2 rows x 15 columns]
2026-06-01 16:19:31,108 - services - beneficial_cashback - DEBUG - Делай шесть - получаем сумму по категории Бонусы = 747.11
2026-06-01 16:19:31,108 - services - beneficial_cashback - DEBUG - Делай семь - добавляем в словарь очередную категорию и расходы по ней {'Услуги банка': np.float64(1949.0), 'Супермаркеты': np.float64(12368.769999999999), 'Связь': np.float64(1200.0), 'Транспорт': np.float64(3500.0), 'Различные товары': np.float64(1648.4), 'Ж/д билеты': np.float64(1427.0), 'Рестораны': np.float64(7559.179999999999), 'Фастфуд': np.float64(4571.58), 'Пополнения': np.float64(60206.4), 'Наличные': np.float64(15437.5), 'Переводы': np.float64(69619.32), 'Отели': np.float64(2806.2099999999996), 'Одежда и обувь': np.float64(2708.15), 'Образование': np.float64(287.96), 'Сервис': np.float64(186.92), 'Сувениры': np.float64(72.57), 'Бонусы': np.float64(747.11)}
2026-06-01 16:19:31,113 - services - beneficial_cashback - DEBUG - Делай четыре - получаем транзакции по очередной категории Аптеки =             Дата операции  ... Сумма операции с округлением
6179  14.05.2018 00:00:00  ...                       461.99

[1 rows x 15 columns]
2026-06-01 16:19:31,118 - services - beneficial_cashback - DEBUG - Делай пять - избавляемся от минуса Аптеки =             Дата операции  ... Сумма операции с округлением
6179  14.05.2018 00:00:00  ...                       461.99

[1 rows x 15 columns]
2026-06-01 16:19:31,118 - services - beneficial_cashback - DEBUG - Делай шесть - получаем сумму по категории Аптеки = 461.99
2026-06-01 16:19:31,118 - services - beneficial_cashback - DEBUG - Делай семь - добавляем в словарь очередную категорию и расходы по ней {'Услуги банка': np.float64(1949.0), 'Супермаркеты': np.float64(12368.769999999999), 'Связь': np.float64(1200.0), 'Транспорт': np.float64(3500.0), 'Различные товары': np.float64(1648.4), 'Ж/д билеты': np.float64(1427.0), 'Рестораны': np.float64(7559.179999999999), 'Фастфуд': np.float64(4571.58), 'Пополнения': np.float64(60206.4), 'Наличные': np.float64(15437.5), 'Переводы': np.float64(69619.32), 'Отели': np.float64(2806.2099999999996), 'Одежда и обувь': np.float64(2708.15), 'Образование': np.float64(287.96), 'Сервис': np.float64(186.92), 'Сувениры': np.float64(72.57), 'Бонусы': np.float64(747.11), 'Аптеки': np.float64(461.99)}
2026-06-01 16:19:31,125 - services - beneficial_cashback - DEBUG - Делай четыре - получаем транзакции по очередной категории Красота =             Дата операции  ... Сумма операции с округлением
6197  11.05.2018 12:02:10  ...                      1130.25

[1 rows x 15 columns]
2026-06-01 16:19:31,130 - services - beneficial_cashback - DEBUG - Делай пять - избавляемся от минуса Красота =             Дата операции  ... Сумма операции с округлением
6197  11.05.2018 12:02:10  ...                      1130.25

[1 rows x 15 columns]
2026-06-01 16:19:31,130 - services - beneficial_cashback - DEBUG - Делай шесть - получаем сумму по категории Красота = 1130.25
2026-06-01 16:19:31,130 - services - beneficial_cashback - DEBUG - Делай семь - добавляем в словарь очередную категорию и расходы по ней {'Услуги банка': np.float64(1949.0), 'Супермаркеты': np.float64(12368.769999999999), 'Связь': np.float64(1200.0), 'Транспорт': np.float64(3500.0), 'Различные товары': np.float64(1648.4), 'Ж/д билеты': np.float64(1427.0), 'Рестораны': np.float64(7559.179999999999), 'Фастфуд': np.float64(4571.58), 'Пополнения': np.float64(60206.4), 'Наличные': np.float64(15437.5), 'Переводы': np.float64(69619.32), 'Отели': np.float64(2806.2099999999996), 'Одежда и обувь': np.float64(2708.15), 'Образование': np.float64(287.96), 'Сервис': np.float64(186.92), 'Сувениры': np.float64(72.57), 'Бонусы': np.float64(747.11), 'Аптеки': np.float64(461.99), 'Красота': np.float64(1130.25)}
2026-06-01 16:19:31,136 - services - beneficial_cashback - DEBUG - Делай четыре - получаем транзакции по очередной категории Топливо =             Дата операции  ... Сумма операции с округлением
6217  06.05.2018 00:00:00  ...                        278.0

[1 rows x 15 columns]
2026-06-01 16:19:31,141 - services - beneficial_cashback - DEBUG - Делай пять - избавляемся от минуса Топливо =             Дата операции  ... Сумма операции с округлением
6217  06.05.2018 00:00:00  ...                        278.0

[1 rows x 15 columns]
2026-06-01 16:19:31,141 - services - beneficial_cashback - DEBUG - Делай шесть - получаем сумму по категории Топливо = 278.0
2026-06-01 16:19:31,141 - services - beneficial_cashback - DEBUG - Делай семь - добавляем в словарь очередную категорию и расходы по ней {'Услуги банка': np.float64(1949.0), 'Супермаркеты': np.float64(12368.769999999999), 'Связь': np.float64(1200.0), 'Транспорт': np.float64(3500.0), 'Различные товары': np.float64(1648.4), 'Ж/д билеты': np.float64(1427.0), 'Рестораны': np.float64(7559.179999999999), 'Фастфуд': np.float64(4571.58), 'Пополнения': np.float64(60206.4), 'Наличные': np.float64(15437.5), 'Переводы': np.float64(69619.32), 'Отели': np.float64(2806.2099999999996), 'Одежда и обувь': np.float64(2708.15), 'Образование': np.float64(287.96), 'Сервис': np.float64(186.92), 'Сувениры': np.float64(72.57), 'Бонусы': np.float64(747.11), 'Аптеки': np.float64(461.99), 'Красота': np.float64(1130.25), 'Топливо': np.float64(278.0)}
2026-06-01 16:19:31,147 - services - beneficial_cashback - DEBUG - Делай четыре - получаем транзакции по очередной категории НКО =             Дата операции  ... Сумма операции с округлением
6224  05.05.2018 11:37:01  ...                       1000.0

[1 rows x 15 columns]
2026-06-01 16:19:31,152 - services - beneficial_cashback - DEBUG - Делай пять - избавляемся от минуса НКО =             Дата операции  ... Сумма операции с округлением
6224  05.05.2018 11:37:01  ...                       1000.0

[1 rows x 15 columns]
2026-06-01 16:19:31,152 - services - beneficial_cashback - DEBUG - Делай шесть - получаем сумму по категории НКО = 1000.0
2026-06-01 16:19:31,152 - services - beneficial_cashback - DEBUG - Делай семь - добавляем в словарь очередную категорию и расходы по ней {'Услуги банка': np.float64(1949.0), 'Супермаркеты': np.float64(12368.769999999999), 'Связь': np.float64(1200.0), 'Транспорт': np.float64(3500.0), 'Различные товары': np.float64(1648.4), 'Ж/д билеты': np.float64(1427.0), 'Рестораны': np.float64(7559.179999999999), 'Фастфуд': np.float64(4571.58), 'Пополнения': np.float64(60206.4), 'Наличные': np.float64(15437.5), 'Переводы': np.float64(69619.32), 'Отели': np.float64(2806.2099999999996), 'Одежда и обувь': np.float64(2708.15), 'Образование': np.float64(287.96), 'Сервис': np.float64(186.92), 'Сувениры': np.float64(72.57), 'Бонусы': np.float64(747.11), 'Аптеки': np.float64(461.99), 'Красота': np.float64(1130.25), 'Топливо': np.float64(278.0), 'НКО': np.float64(1000.0)}
2026-06-01 16:19:31,158 - services - beneficial_cashback - DEBUG - Делай четыре - получаем транзакции по очередной категории Другое =             Дата операции  ... Сумма операции с округлением
6230  03.05.2018 12:21:41  ...                     24491.27
6231  03.05.2018 12:12:49  ...                      5075.71

[2 rows x 15 columns]
2026-06-01 16:19:31,163 - services - beneficial_cashback - DEBUG - Делай пять - избавляемся от минуса Другое =             Дата операции  ... Сумма операции с округлением
6230  03.05.2018 12:21:41  ...                     24491.27
6231  03.05.2018 12:12:49  ...                      5075.71

[2 rows x 15 columns]
2026-06-01 16:19:31,163 - services - beneficial_cashback - DEBUG - Делай шесть - получаем сумму по категории Другое = 29566.98
2026-06-01 16:19:31,163 - services - beneficial_cashback - DEBUG - Делай семь - добавляем в словарь очередную категорию и расходы по ней {'Услуги банка': np.float64(1949.0), 'Супермаркеты': np.float64(12368.769999999999), 'Связь': np.float64(1200.0), 'Транспорт': np.float64(3500.0), 'Различные товары': np.float64(1648.4), 'Ж/д билеты': np.float64(1427.0), 'Рестораны': np.float64(7559.179999999999), 'Фастфуд': np.float64(4571.58), 'Пополнения': np.float64(60206.4), 'Наличные': np.float64(15437.5), 'Переводы': np.float64(69619.32), 'Отели': np.float64(2806.2099999999996), 'Одежда и обувь': np.float64(2708.15), 'Образование': np.float64(287.96), 'Сервис': np.float64(186.92), 'Сувениры': np.float64(72.57), 'Бонусы': np.float64(747.11), 'Аптеки': np.float64(461.99), 'Красота': np.float64(1130.25), 'Топливо': np.float64(278.0), 'НКО': np.float64(1000.0), 'Другое': np.float64(29566.98)}
2026-06-01 16:19:31,169 - services - beneficial_cashback - DEBUG - Делай четыре - получаем транзакции по очередной категории Финансы =             Дата операции  ... Сумма операции с округлением
6242  30.04.2018 15:27:35  ...                       1596.5

[1 rows x 15 columns]
2026-06-01 16:19:31,174 - services - beneficial_cashback - DEBUG - Делай пять - избавляемся от минуса Финансы =             Дата операции  ... Сумма операции с округлением
6242  30.04.2018 15:27:35  ...                       1596.5

[1 rows x 15 columns]
2026-06-01 16:19:31,174 - services - beneficial_cashback - DEBUG - Делай шесть - получаем сумму по категории Финансы = 1596.5
2026-06-01 16:19:31,174 - services - beneficial_cashback - DEBUG - Делай семь - добавляем в словарь очередную категорию и расходы по ней {'Услуги банка': np.float64(1949.0), 'Супермаркеты': np.float64(12368.769999999999), 'Связь': np.float64(1200.0), 'Транспорт': np.float64(3500.0), 'Различные товары': np.float64(1648.4), 'Ж/д билеты': np.float64(1427.0), 'Рестораны': np.float64(7559.179999999999), 'Фастфуд': np.float64(4571.58), 'Пополнения': np.float64(60206.4), 'Наличные': np.float64(15437.5), 'Переводы': np.float64(69619.32), 'Отели': np.float64(2806.2099999999996), 'Одежда и обувь': np.float64(2708.15), 'Образование': np.float64(287.96), 'Сервис': np.float64(186.92), 'Сувениры': np.float64(72.57), 'Бонусы': np.float64(747.11), 'Аптеки': np.float64(461.99), 'Красота': np.float64(1130.25), 'Топливо': np.float64(278.0), 'НКО': np.float64(1000.0), 'Другое': np.float64(29566.98), 'Финансы': np.float64(1596.5)}
2026-06-01 16:21:01,822 - services - beneficial_cashback - DEBUG - Делай раз - дата фрейм всех транзакций -             Дата операции  ... Сумма операции с округлением
0     31.12.2021 16:44:00  ...                       160.89
1     31.12.2021 16:42:04  ...                        64.00
2     31.12.2021 16:39:04  ...                       118.12
3     31.12.2021 15:44:39  ...                        78.05
4     31.12.2021 01:23:42  ...                       564.00
...                   ...  ...                          ...
6700  04.01.2018 14:05:08  ...                      1065.90
6701  03.01.2018 15:03:35  ...                        73.06
6702  03.01.2018 14:55:21  ...                        21.00
6703  01.01.2018 20:27:51  ...                       316.00
6704  01.01.2018 12:49:53  ...                      3000.00

[6705 rows x 15 columns]
2026-06-01 16:21:01,826 - services - beneficial_cashback - DEBUG - Делай два - дата фрейм с исследуемым годом и месяцем - 6091   2018-05-30
6092   2018-05-31
6093   2018-05-31
6094   2018-05-31
6095   2018-05-30
          ...    
6244   2018-05-02
6245   2018-05-02
6246   2018-05-01
6248   2018-05-04
6249   2018-05-01
Name: Дата платежа, Length: 158, dtype: datetime64[us]
2026-06-01 16:21:01,827 - services - beneficial_cashback - DEBUG - Делай три - создан список категорий без повторений - <StringArray>
[    'Услуги банка',     'Супермаркеты',            'Связь',
        'Транспорт', 'Различные товары',       'Ж/д билеты',
        'Рестораны',          'Фастфуд',       'Пополнения',
         'Наличные',         'Переводы',            'Отели',
   'Одежда и обувь',      'Образование',           'Сервис',
         'Сувениры',           'Бонусы',           'Аптеки',
          'Красота',          'Топливо',              'НКО',
           'Другое',          'Финансы']
Length: 23, dtype: str
2026-06-01 16:21:01,832 - services - beneficial_cashback - DEBUG - Делай четыре - получаем транзакции по очередной категории Услуги банка =             Дата операции  ... Сумма операции с округлением
6091  30.05.2018 00:00:00  ...                       1890.0
6098  29.05.2018 00:00:00  ...                         59.0

[2 rows x 15 columns]
2026-06-01 16:21:01,837 - services - beneficial_cashback - DEBUG - Делай пять - избавляемся от минуса Услуги банка =             Дата операции  ... Сумма операции с округлением
6091  30.05.2018 00:00:00  ...                       1890.0
6098  29.05.2018 00:00:00  ...                         59.0

[2 rows x 15 columns]
2026-06-01 16:21:01,838 - services - beneficial_cashback - DEBUG - Делай шесть - получаем сумму по категории Услуги банка = 1949.0
2026-06-01 16:21:01,838 - services - beneficial_cashback - DEBUG - Делай семь - добавляем в словарь очередную категорию и расходы по ней {'Услуги банка': 19.490000000000002}
2026-06-01 16:21:01,848 - services - beneficial_cashback - DEBUG - Делай четыре - получаем транзакции по очередной категории Супермаркеты =             Дата операции  ... Сумма операции с округлением
6092  29.05.2018 22:29:19  ...                       106.60
6093  29.05.2018 22:20:20  ...                       238.60
6094  29.05.2018 17:39:23  ...                       149.40
6096  29.05.2018 15:58:44  ...                        49.80
6097  29.05.2018 13:30:15  ...                       331.71
6099  28.05.2018 23:38:35  ...                       129.72
6103  27.05.2018 15:16:54  ...                       399.00
6104  27.05.2018 13:35:45  ...                       295.80
6111  26.05.2018 15:40:40  ...                       126.80
6112  25.05.2018 17:29:11  ...                       250.00
6113  25.05.2018 17:21:41  ...                       193.70
6117  24.05.2018 22:38:54  ...                       191.50
6119  24.05.2018 09:55:58  ...                       445.39
6125  23.05.2018 10:28:27  ...                       157.25
6127  22.05.2018 18:15:12  ...                        69.60
6128  22.05.2018 16:44:05  ...                      2465.36
6131  22.05.2018 13:05:56  ...                        54.55
6132  22.05.2018 11:20:33  ...                       278.39
6136  21.05.2018 00:00:00  ...                       221.88
6137  21.05.2018 00:00:00  ...                        45.00
6142  20.05.2018 14:34:52  ...                       326.53
6144  20.05.2018 12:48:01  ...                        21.73
6146  19.05.2018 16:38:52  ...                        27.39
6147  19.05.2018 14:45:40  ...                        21.66
6148  19.05.2018 12:37:10  ...                       193.65
6149  19.05.2018 10:13:32  ...                        83.45
6150  18.05.2018 17:32:43  ...                        61.15
6152  18.05.2018 15:34:33  ...                        28.67
6153  18.05.2018 12:00:44  ...                        83.45
6155  17.05.2018 19:08:25  ...                       118.72
6156  17.05.2018 18:24:53  ...                       143.96
6160  17.05.2018 15:15:14  ...                       293.02
6162  17.05.2018 12:27:06  ...                        21.47
6165  16.05.2018 16:48:01  ...                       172.40
6167  16.05.2018 13:47:41  ...                       108.53
6168  16.05.2018 12:57:28  ...                       279.53
6171  15.05.2018 15:53:27  ...                        54.10
6174  15.05.2018 12:31:04  ...                        43.92
6177  14.05.2018 00:00:00  ...                        39.82
6178  14.05.2018 00:00:00  ...                        51.82
6182  13.05.2018 18:40:15  ...                       512.41
6185  13.05.2018 08:54:16  ...                       162.41
6195  11.05.2018 17:27:32  ...                       178.57
6201  10.05.2018 14:49:30  ...                       242.99
6203  09.05.2018 21:15:41  ...                       285.00
6210  08.05.2018 19:34:15  ...                        44.79
6213  07.05.2018 17:40:52  ...                       181.60
6218  06.05.2018 00:00:00  ...                       250.00
6219  05.05.2018 20:52:23  ...                       250.00
6220  05.05.2018 20:27:42  ...                       285.09
6221  05.05.2018 15:52:43  ...                        69.80
6226  04.05.2018 21:07:21  ...                        38.59
6228  03.05.2018 15:19:06  ...                       368.30
6233  02.05.2018 18:28:38  ...                       221.27
6236  01.05.2018 22:06:23  ...                       416.30
6243  30.04.2018 13:09:05  ...                       116.16
6244  29.04.2018 18:57:14  ...                        88.80
6245  29.04.2018 14:17:39  ...                       220.27
6248  28.04.2018 18:17:43  ...                        61.40

[59 rows x 15 columns]
2026-06-01 16:21:01,858 - services - beneficial_cashback - DEBUG - Делай пять - избавляемся от минуса Супермаркеты =             Дата операции  ... Сумма операции с округлением
6092  29.05.2018 22:29:19  ...                       106.60
6093  29.05.2018 22:20:20  ...                       238.60
6094  29.05.2018 17:39:23  ...                       149.40
6096  29.05.2018 15:58:44  ...                        49.80
6097  29.05.2018 13:30:15  ...                       331.71
6099  28.05.2018 23:38:35  ...                       129.72
6103  27.05.2018 15:16:54  ...                       399.00
6104  27.05.2018 13:35:45  ...                       295.80
6111  26.05.2018 15:40:40  ...                       126.80
6112  25.05.2018 17:29:11  ...                       250.00
6113  25.05.2018 17:21:41  ...                       193.70
6117  24.05.2018 22:38:54  ...                       191.50
6119  24.05.2018 09:55:58  ...                       445.39
6125  23.05.2018 10:28:27  ...                       157.25
6127  22.05.2018 18:15:12  ...                        69.60
6128  22.05.2018 16:44:05  ...                      2465.36
6131  22.05.2018 13:05:56  ...                        54.55
6132  22.05.2018 11:20:33  ...                       278.39
6136  21.05.2018 00:00:00  ...                       221.88
6137  21.05.2018 00:00:00  ...                        45.00
6142  20.05.2018 14:34:52  ...                       326.53
6144  20.05.2018 12:48:01  ...                        21.73
6146  19.05.2018 16:38:52  ...                        27.39
6147  19.05.2018 14:45:40  ...                        21.66
6148  19.05.2018 12:37:10  ...                       193.65
6149  19.05.2018 10:13:32  ...                        83.45
6150  18.05.2018 17:32:43  ...                        61.15
6152  18.05.2018 15:34:33  ...                        28.67
6153  18.05.2018 12:00:44  ...                        83.45
6155  17.05.2018 19:08:25  ...                       118.72
6156  17.05.2018 18:24:53  ...                       143.96
6160  17.05.2018 15:15:14  ...                       293.02
6162  17.05.2018 12:27:06  ...                        21.47
6165  16.05.2018 16:48:01  ...                       172.40
6167  16.05.2018 13:47:41  ...                       108.53
6168  16.05.2018 12:57:28  ...                       279.53
6171  15.05.2018 15:53:27  ...                        54.10
6174  15.05.2018 12:31:04  ...                        43.92
6177  14.05.2018 00:00:00  ...                        39.82
6178  14.05.2018 00:00:00  ...                        51.82
6182  13.05.2018 18:40:15  ...                       512.41
6185  13.05.2018 08:54:16  ...                       162.41
6195  11.05.2018 17:27:32  ...                       178.57
6201  10.05.2018 14:49:30  ...                       242.99
6203  09.05.2018 21:15:41  ...                       285.00
6210  08.05.2018 19:34:15  ...                        44.79
6213  07.05.2018 17:40:52  ...                       181.60
6218  06.05.2018 00:00:00  ...                       250.00
6219  05.05.2018 20:52:23  ...                       250.00
6220  05.05.2018 20:27:42  ...                       285.09
6221  05.05.2018 15:52:43  ...                        69.80
6226  04.05.2018 21:07:21  ...                        38.59
6228  03.05.2018 15:19:06  ...                       368.30
6233  02.05.2018 18:28:38  ...                       221.27
6236  01.05.2018 22:06:23  ...                       416.30
6243  30.04.2018 13:09:05  ...                       116.16
6244  29.04.2018 18:57:14  ...                        88.80
6245  29.04.2018 14:17:39  ...                       220.27
6248  28.04.2018 18:17:43  ...                        61.40

[59 rows x 15 columns]
2026-06-01 16:21:01,858 - services - beneficial_cashback - DEBUG - Делай шесть - получаем сумму по категории Супермаркеты = 12368.769999999999
2026-06-01 16:21:01,858 - services - beneficial_cashback - DEBUG - Делай семь - добавляем в словарь очередную категорию и расходы по ней {'Услуги банка': 19.490000000000002, 'Супермаркеты': 123.68769999999999}
2026-06-01 16:21:01,864 - services - beneficial_cashback - DEBUG - Делай четыре - получаем транзакции по очередной категории Связь =             Дата операции  ... Сумма операции с округлением
6095  29.05.2018 16:11:17  ...                        250.0
6100  28.05.2018 00:00:00  ...                        200.0
6101  28.05.2018 00:00:00  ...                        500.0
6232  03.05.2018 01:20:20  ...                        250.0

[4 rows x 15 columns]
2026-06-01 16:21:01,869 - services - beneficial_cashback - DEBUG - Делай пять - избавляемся от минуса Связь =             Дата операции  ... Сумма операции с округлением
6095  29.05.2018 16:11:17  ...                        250.0
6100  28.05.2018 00:00:00  ...                        200.0
6101  28.05.2018 00:00:00  ...                        500.0
6232  03.05.2018 01:20:20  ...                        250.0

[4 rows x 15 columns]
2026-06-01 16:21:01,869 - services - beneficial_cashback - DEBUG - Делай шесть - получаем сумму по категории Связь = 1200.0
2026-06-01 16:21:01,869 - services - beneficial_cashback - DEBUG - Делай семь - добавляем в словарь очередную категорию и расходы по ней {'Услуги банка': 19.490000000000002, 'Супермаркеты': 123.68769999999999, 'Связь': 12.0}
2026-06-01 16:21:01,875 - services - beneficial_cashback - DEBUG - Делай четыре - получаем транзакции по очередной категории Транспорт =             Дата операции  ... Сумма операции с округлением
6102  28.05.2018 00:00:00  ...                        485.0
6116  25.05.2018 00:00:00  ...                       1533.0
6202  10.05.2018 03:11:53  ...                       1482.0

[3 rows x 15 columns]
2026-06-01 16:21:01,880 - services - beneficial_cashback - DEBUG - Делай пять - избавляемся от минуса Транспорт =             Дата операции  ... Сумма операции с округлением
6102  28.05.2018 00:00:00  ...                        485.0
6116  25.05.2018 00:00:00  ...                       1533.0
6202  10.05.2018 03:11:53  ...                       1482.0

[3 rows x 15 columns]
2026-06-01 16:21:01,880 - services - beneficial_cashback - DEBUG - Делай шесть - получаем сумму по категории Транспорт = 3500.0
2026-06-01 16:21:01,880 - services - beneficial_cashback - DEBUG - Делай семь - добавляем в словарь очередную категорию и расходы по ней {'Услуги банка': 19.490000000000002, 'Супермаркеты': 123.68769999999999, 'Связь': 12.0, 'Транспорт': 35.0}
2026-06-01 16:21:01,885 - services - beneficial_cashback - DEBUG - Делай четыре - получаем транзакции по очередной категории Различные товары =             Дата операции  ... Сумма операции с округлением
6105  27.05.2018 13:29:06  ...                         46.0
6215  07.05.2018 16:45:11  ...                       1602.4

[2 rows x 15 columns]
2026-06-01 16:21:01,890 - services - beneficial_cashback - DEBUG - Делай пять - избавляемся от минуса Различные товары =             Дата операции  ... Сумма операции с округлением
6105  27.05.2018 13:29:06  ...                         46.0
6215  07.05.2018 16:45:11  ...                       1602.4

[2 rows x 15 columns]
2026-06-01 16:21:01,891 - services - beneficial_cashback - DEBUG - Делай шесть - получаем сумму по категории Различные товары = 1648.4
2026-06-01 16:21:01,891 - services - beneficial_cashback - DEBUG - Делай семь - добавляем в словарь очередную категорию и расходы по ней {'Услуги банка': 19.490000000000002, 'Супермаркеты': 123.68769999999999, 'Связь': 12.0, 'Транспорт': 35.0, 'Различные товары': 16.484}
2026-06-01 16:21:01,897 - services - beneficial_cashback - DEBUG - Делай четыре - получаем транзакции по очередной категории Ж/д билеты =             Дата операции  ... Сумма операции с округлением
6106  27.05.2018 12:57:41  ...                        300.0
6107  27.05.2018 07:19:02  ...                         45.0
6109  26.05.2018 18:30:22  ...                         40.0
6115  25.05.2018 14:49:12  ...                        360.0
6207  09.05.2018 11:46:17  ...                        114.0
6225  05.05.2018 11:04:33  ...                        360.0
6237  01.05.2018 19:39:19  ...                        208.0

[7 rows x 15 columns]
2026-06-01 16:21:01,902 - services - beneficial_cashback - DEBUG - Делай пять - избавляемся от минуса Ж/д билеты =             Дата операции  ... Сумма операции с округлением
6106  27.05.2018 12:57:41  ...                        300.0
6107  27.05.2018 07:19:02  ...                         45.0
6109  26.05.2018 18:30:22  ...                         40.0
6115  25.05.2018 14:49:12  ...                        360.0
6207  09.05.2018 11:46:17  ...                        114.0
6225  05.05.2018 11:04:33  ...                        360.0
6237  01.05.2018 19:39:19  ...                        208.0

[7 rows x 15 columns]
2026-06-01 16:21:01,902 - services - beneficial_cashback - DEBUG - Делай шесть - получаем сумму по категории Ж/д билеты = 1427.0
2026-06-01 16:21:01,902 - services - beneficial_cashback - DEBUG - Делай семь - добавляем в словарь очередную категорию и расходы по ней {'Услуги банка': 19.490000000000002, 'Супермаркеты': 123.68769999999999, 'Связь': 12.0, 'Транспорт': 35.0, 'Различные товары': 16.484, 'Ж/д билеты': 14.27}
2026-06-01 16:21:01,909 - services - beneficial_cashback - DEBUG - Делай четыре - получаем транзакции по очередной категории Рестораны =             Дата операции  ... Сумма операции с округлением
6108  27.05.2018 00:00:00  ...                       345.00
6124  23.05.2018 12:33:02  ...                        53.88
6126  22.05.2018 22:06:18  ...                        27.59
6129  22.05.2018 15:46:21  ...                        55.18
6133  21.05.2018 21:52:51  ...                       277.13
6135  21.05.2018 00:00:00  ...                        55.63
6138  21.05.2018 00:00:00  ...                       122.50
6141  20.05.2018 17:47:46  ...                       245.38
6145  19.05.2018 22:23:05  ...                       362.31
6151  18.05.2018 17:10:05  ...                       119.12
6157  17.05.2018 17:53:20  ...                       663.75
6163  16.05.2018 23:04:38  ...                       258.92
6166  16.05.2018 15:32:51  ...                      1368.46
6172  15.05.2018 14:53:40  ...                       601.49
6176  14.05.2018 17:52:40  ...                      1262.82
6183  13.05.2018 18:15:19  ...                       130.94
6186  12.05.2018 19:23:00  ...                       118.98
6188  12.05.2018 17:10:15  ...                      1198.57
6194  11.05.2018 18:00:37  ...                       179.84
6196  11.05.2018 15:24:37  ...                       111.69

[20 rows x 15 columns]
2026-06-01 16:21:01,916 - services - beneficial_cashback - DEBUG - Делай пять - избавляемся от минуса Рестораны =             Дата операции  ... Сумма операции с округлением
6108  27.05.2018 00:00:00  ...                       345.00
6124  23.05.2018 12:33:02  ...                        53.88
6126  22.05.2018 22:06:18  ...                        27.59
6129  22.05.2018 15:46:21  ...                        55.18
6133  21.05.2018 21:52:51  ...                       277.13
6135  21.05.2018 00:00:00  ...                        55.63
6138  21.05.2018 00:00:00  ...                       122.50
6141  20.05.2018 17:47:46  ...                       245.38
6145  19.05.2018 22:23:05  ...                       362.31
6151  18.05.2018 17:10:05  ...                       119.12
6157  17.05.2018 17:53:20  ...                       663.75
6163  16.05.2018 23:04:38  ...                       258.92
6166  16.05.2018 15:32:51  ...                      1368.46
6172  15.05.2018 14:53:40  ...                       601.49
6176  14.05.2018 17:52:40  ...                      1262.82
6183  13.05.2018 18:15:19  ...                       130.94
6186  12.05.2018 19:23:00  ...                       118.98
6188  12.05.2018 17:10:15  ...                      1198.57
6194  11.05.2018 18:00:37  ...                       179.84
6196  11.05.2018 15:24:37  ...                       111.69

[20 rows x 15 columns]
2026-06-01 16:21:01,916 - services - beneficial_cashback - DEBUG - Делай шесть - получаем сумму по категории Рестораны = 7559.179999999999
2026-06-01 16:21:01,916 - services - beneficial_cashback - DEBUG - Делай семь - добавляем в словарь очередную категорию и расходы по ней {'Услуги банка': 19.490000000000002, 'Супермаркеты': 123.68769999999999, 'Связь': 12.0, 'Транспорт': 35.0, 'Различные товары': 16.484, 'Ж/д билеты': 14.27, 'Рестораны': 75.59179999999999}
2026-06-01 16:21:01,923 - services - beneficial_cashback - DEBUG - Делай четыре - получаем транзакции по очередной категории Фастфуд =             Дата операции  ... Сумма операции с округлением
6110  26.05.2018 17:08:35  ...                       389.00
6200  10.05.2018 15:04:24  ...                       430.58
6204  09.05.2018 13:55:13  ...                       145.00
6205  09.05.2018 13:44:00  ...                       328.00
6212  08.05.2018 11:37:29  ...                       170.90
6214  07.05.2018 16:55:51  ...                       221.80
6216  07.05.2018 13:05:55  ...                       285.00
6222  05.05.2018 14:35:40  ...                        55.90
6223  05.05.2018 14:32:07  ...                       331.80
6227  04.05.2018 14:00:49  ...                       315.00
6229  03.05.2018 14:11:19  ...                       275.00
6234  02.05.2018 16:26:23  ...                        58.00
6235  02.05.2018 15:28:35  ...                       389.00
6239  01.05.2018 16:50:49  ...                        69.90
6240  01.05.2018 16:49:16  ...                       296.80
6241  30.04.2018 17:49:25  ...                       389.00
6246  29.04.2018 11:30:29  ...                       250.00
6249  28.04.2018 16:56:24  ...                       170.90

[18 rows x 15 columns]
2026-06-01 16:21:01,930 - services - beneficial_cashback - DEBUG - Делай пять - избавляемся от минуса Фастфуд =             Дата операции  ... Сумма операции с округлением
6110  26.05.2018 17:08:35  ...                       389.00
6200  10.05.2018 15:04:24  ...                       430.58
6204  09.05.2018 13:55:13  ...                       145.00
6205  09.05.2018 13:44:00  ...                       328.00
6212  08.05.2018 11:37:29  ...                       170.90
6214  07.05.2018 16:55:51  ...                       221.80
6216  07.05.2018 13:05:55  ...                       285.00
6222  05.05.2018 14:35:40  ...                        55.90
6223  05.05.2018 14:32:07  ...                       331.80
6227  04.05.2018 14:00:49  ...                       315.00
6229  03.05.2018 14:11:19  ...                       275.00
6234  02.05.2018 16:26:23  ...                        58.00
6235  02.05.2018 15:28:35  ...                       389.00
6239  01.05.2018 16:50:49  ...                        69.90
6240  01.05.2018 16:49:16  ...                       296.80
6241  30.04.2018 17:49:25  ...                       389.00
6246  29.04.2018 11:30:29  ...                       250.00
6249  28.04.2018 16:56:24  ...                       170.90

[18 rows x 15 columns]
2026-06-01 16:21:01,930 - services - beneficial_cashback - DEBUG - Делай шесть - получаем сумму по категории Фастфуд = 4571.58
2026-06-01 16:21:01,930 - services - beneficial_cashback - DEBUG - Делай семь - добавляем в словарь очередную категорию и расходы по ней {'Услуги банка': 19.490000000000002, 'Супермаркеты': 123.68769999999999, 'Связь': 12.0, 'Транспорт': 35.0, 'Различные товары': 16.484, 'Ж/д билеты': 14.27, 'Рестораны': 75.59179999999999, 'Фастфуд': 45.7158}
2026-06-01 16:21:01,935 - services - beneficial_cashback - DEBUG - Делай четыре - получаем транзакции по очередной категории Пополнения =             Дата операции  ... Сумма операции с округлением
6114  25.05.2018 16:47:10  ...                      18200.0
6208  08.05.2018 21:07:17  ...                      12006.4
6209  08.05.2018 21:05:59  ...                      30000.0

[3 rows x 15 columns]
2026-06-01 16:21:01,940 - services - beneficial_cashback - DEBUG - Делай пять - избавляемся от минуса Пополнения =             Дата операции  ... Сумма операции с округлением
6114  25.05.2018 16:47:10  ...                      18200.0
6208  08.05.2018 21:07:17  ...                      12006.4
6209  08.05.2018 21:05:59  ...                      30000.0

[3 rows x 15 columns]
2026-06-01 16:21:01,940 - services - beneficial_cashback - DEBUG - Делай шесть - получаем сумму по категории Пополнения = 60206.4
2026-06-01 16:21:01,940 - services - beneficial_cashback - DEBUG - Делай семь - добавляем в словарь очередную категорию и расходы по ней {'Услуги банка': 19.490000000000002, 'Супермаркеты': 123.68769999999999, 'Связь': 12.0, 'Транспорт': 35.0, 'Различные товары': 16.484, 'Ж/д билеты': 14.27, 'Рестораны': 75.59179999999999, 'Фастфуд': 45.7158, 'Пополнения': 602.0640000000001}
2026-06-01 16:21:01,946 - services - beneficial_cashback - DEBUG - Делай четыре - получаем транзакции по очередной категории Наличные =             Дата операции  ... Сумма операции с округлением
6118  24.05.2018 12:54:03  ...                       3000.0
6122  23.05.2018 19:02:38  ...                       3132.5
6154  17.05.2018 21:22:29  ...                       3157.5
6187  12.05.2018 19:02:09  ...                       3147.5
6211  08.05.2018 18:54:18  ...                       3000.0

[5 rows x 15 columns]
2026-06-01 16:21:01,952 - services - beneficial_cashback - DEBUG - Делай пять - избавляемся от минуса Наличные =             Дата операции  ... Сумма операции с округлением
6118  24.05.2018 12:54:03  ...                       3000.0
6122  23.05.2018 19:02:38  ...                       3132.5
6154  17.05.2018 21:22:29  ...                       3157.5
6187  12.05.2018 19:02:09  ...                       3147.5
6211  08.05.2018 18:54:18  ...                       3000.0

[5 rows x 15 columns]
2026-06-01 16:21:01,952 - services - beneficial_cashback - DEBUG - Делай шесть - получаем сумму по категории Наличные = 15437.5
2026-06-01 16:21:01,952 - services - beneficial_cashback - DEBUG - Делай семь - добавляем в словарь очередную категорию и расходы по ней {'Услуги банка': 19.490000000000002, 'Супермаркеты': 123.68769999999999, 'Связь': 12.0, 'Транспорт': 35.0, 'Различные товары': 16.484, 'Ж/д билеты': 14.27, 'Рестораны': 75.59179999999999, 'Фастфуд': 45.7158, 'Пополнения': 602.0640000000001, 'Наличные': 154.375}
2026-06-01 16:21:01,957 - services - beneficial_cashback - DEBUG - Делай четыре - получаем транзакции по очередной категории Переводы =             Дата операции  ... Сумма операции с округлением
6120  23.05.2018 23:37:23  ...                     34427.66
6121  23.05.2018 23:37:21  ...                     34427.66
6206  09.05.2018 13:38:54  ...                       164.00
6238  01.05.2018 17:07:55  ...                       600.00

[4 rows x 15 columns]
2026-06-01 16:21:01,962 - services - beneficial_cashback - DEBUG - Делай пять - избавляемся от минуса Переводы =             Дата операции  ... Сумма операции с округлением
6120  23.05.2018 23:37:23  ...                     34427.66
6121  23.05.2018 23:37:21  ...                     34427.66
6206  09.05.2018 13:38:54  ...                       164.00
6238  01.05.2018 17:07:55  ...                       600.00

[4 rows x 15 columns]
2026-06-01 16:21:01,962 - services - beneficial_cashback - DEBUG - Делай шесть - получаем сумму по категории Переводы = 69619.32
2026-06-01 16:21:01,963 - services - beneficial_cashback - DEBUG - Делай семь - добавляем в словарь очередную категорию и расходы по ней {'Услуги банка': 19.490000000000002, 'Супермаркеты': 123.68769999999999, 'Связь': 12.0, 'Транспорт': 35.0, 'Различные товары': 16.484, 'Ж/д билеты': 14.27, 'Рестораны': 75.59179999999999, 'Фастфуд': 45.7158, 'Пополнения': 602.0640000000001, 'Наличные': 154.375, 'Переводы': 696.1932}
2026-06-01 16:21:01,969 - services - beneficial_cashback - DEBUG - Делай четыре - получаем транзакции по очередной категории Отели =             Дата операции  ... Сумма операции с округлением
6123  23.05.2018 15:24:51  ...                       134.70
6130  22.05.2018 14:28:52  ...                       138.57
6134  21.05.2018 00:00:00  ...                       140.00
6143  20.05.2018 14:24:16  ...                       332.92
6175  15.05.2018 12:25:19  ...                       381.90
6180  14.05.2018 00:00:00  ...                       148.52
6181  14.05.2018 00:00:00  ...                       148.52
6184  13.05.2018 09:19:15  ...                       344.97
6190  12.05.2018 13:20:34  ...                       150.18
6191  12.05.2018 10:31:38  ...                        44.80
6192  12.05.2018 10:27:58  ...                       390.59
6193  11.05.2018 18:33:08  ...                       150.18
6198  11.05.2018 10:15:26  ...                       150.18
6199  10.05.2018 15:49:58  ...                       150.18

[14 rows x 15 columns]
2026-06-01 16:21:01,977 - services - beneficial_cashback - DEBUG - Делай пять - избавляемся от минуса Отели =             Дата операции  ... Сумма операции с округлением
6123  23.05.2018 15:24:51  ...                       134.70
6130  22.05.2018 14:28:52  ...                       138.57
6134  21.05.2018 00:00:00  ...                       140.00
6143  20.05.2018 14:24:16  ...                       332.92
6175  15.05.2018 12:25:19  ...                       381.90
6180  14.05.2018 00:00:00  ...                       148.52
6181  14.05.2018 00:00:00  ...                       148.52
6184  13.05.2018 09:19:15  ...                       344.97
6190  12.05.2018 13:20:34  ...                       150.18
6191  12.05.2018 10:31:38  ...                        44.80
6192  12.05.2018 10:27:58  ...                       390.59
6193  11.05.2018 18:33:08  ...                       150.18
6198  11.05.2018 10:15:26  ...                       150.18
6199  10.05.2018 15:49:58  ...                       150.18

[14 rows x 15 columns]
2026-06-01 16:21:01,977 - services - beneficial_cashback - DEBUG - Делай шесть - получаем сумму по категории Отели = 2806.2099999999996
2026-06-01 16:21:01,977 - services - beneficial_cashback - DEBUG - Делай семь - добавляем в словарь очередную категорию и расходы по ней {'Услуги банка': 19.490000000000002, 'Супермаркеты': 123.68769999999999, 'Связь': 12.0, 'Транспорт': 35.0, 'Различные товары': 16.484, 'Ж/д билеты': 14.27, 'Рестораны': 75.59179999999999, 'Фастфуд': 45.7158, 'Пополнения': 602.0640000000001, 'Наличные': 154.375, 'Переводы': 696.1932, 'Отели': 28.062099999999997}
2026-06-01 16:21:01,983 - services - beneficial_cashback - DEBUG - Делай четыре - получаем транзакции по очередной категории Одежда и обувь =             Дата операции  ... Сумма операции с округлением
6139  20.05.2018 21:50:08  ...                       505.45
6140  20.05.2018 21:48:58  ...                       288.19
6173  15.05.2018 14:03:17  ...                      1320.74
6189  12.05.2018 15:53:44  ...                       593.77

[4 rows x 15 columns]
2026-06-01 16:21:01,989 - services - beneficial_cashback - DEBUG - Делай пять - избавляемся от минуса Одежда и обувь =             Дата операции  ... Сумма операции с округлением
6139  20.05.2018 21:50:08  ...                       505.45
6140  20.05.2018 21:48:58  ...                       288.19
6173  15.05.2018 14:03:17  ...                      1320.74
6189  12.05.2018 15:53:44  ...                       593.77

[4 rows x 15 columns]
2026-06-01 16:21:01,989 - services - beneficial_cashback - DEBUG - Делай шесть - получаем сумму по категории Одежда и обувь = 2708.15
2026-06-01 16:21:01,989 - services - beneficial_cashback - DEBUG - Делай семь - добавляем в словарь очередную категорию и расходы по ней {'Услуги банка': 19.490000000000002, 'Супермаркеты': 123.68769999999999, 'Связь': 12.0, 'Транспорт': 35.0, 'Различные товары': 16.484, 'Ж/д билеты': 14.27, 'Рестораны': 75.59179999999999, 'Фастфуд': 45.7158, 'Пополнения': 602.0640000000001, 'Наличные': 154.375, 'Переводы': 696.1932, 'Отели': 28.062099999999997, 'Одежда и обувь': 27.081500000000002}
2026-06-01 16:21:01,995 - services - beneficial_cashback - DEBUG - Делай четыре - получаем транзакции по очередной категории Образование =             Дата операции  ... Сумма операции с округлением
6158  17.05.2018 17:14:47  ...                       143.98
6159  17.05.2018 16:00:41  ...                       143.98

[2 rows x 15 columns]
2026-06-01 16:21:02,001 - services - beneficial_cashback - DEBUG - Делай пять - избавляемся от минуса Образование =             Дата операции  ... Сумма операции с округлением
6158  17.05.2018 17:14:47  ...                       143.98
6159  17.05.2018 16:00:41  ...                       143.98

[2 rows x 15 columns]
2026-06-01 16:21:02,001 - services - beneficial_cashback - DEBUG - Делай шесть - получаем сумму по категории Образование = 287.96
2026-06-01 16:21:02,001 - services - beneficial_cashback - DEBUG - Делай семь - добавляем в словарь очередную категорию и расходы по ней {'Услуги банка': 19.490000000000002, 'Супермаркеты': 123.68769999999999, 'Связь': 12.0, 'Транспорт': 35.0, 'Различные товары': 16.484, 'Ж/д билеты': 14.27, 'Рестораны': 75.59179999999999, 'Фастфуд': 45.7158, 'Пополнения': 602.0640000000001, 'Наличные': 154.375, 'Переводы': 696.1932, 'Отели': 28.062099999999997, 'Одежда и обувь': 27.081500000000002, 'Образование': 2.8796}
2026-06-01 16:21:02,006 - services - beneficial_cashback - DEBUG - Делай четыре - получаем транзакции по очередной категории Сервис =             Дата операции  ... Сумма операции с округлением
6161  17.05.2018 15:09:16  ...                       186.92

[1 rows x 15 columns]
2026-06-01 16:21:02,012 - services - beneficial_cashback - DEBUG - Делай пять - избавляемся от минуса Сервис =             Дата операции  ... Сумма операции с округлением
6161  17.05.2018 15:09:16  ...                       186.92

[1 rows x 15 columns]
2026-06-01 16:21:02,012 - services - beneficial_cashback - DEBUG - Делай шесть - получаем сумму по категории Сервис = 186.92
2026-06-01 16:21:02,012 - services - beneficial_cashback - DEBUG - Делай семь - добавляем в словарь очередную категорию и расходы по ней {'Услуги банка': 19.490000000000002, 'Супермаркеты': 123.68769999999999, 'Связь': 12.0, 'Транспорт': 35.0, 'Различные товары': 16.484, 'Ж/д билеты': 14.27, 'Рестораны': 75.59179999999999, 'Фастфуд': 45.7158, 'Пополнения': 602.0640000000001, 'Наличные': 154.375, 'Переводы': 696.1932, 'Отели': 28.062099999999997, 'Одежда и обувь': 27.081500000000002, 'Образование': 2.8796, 'Сервис': 1.8692}
2026-06-01 16:21:02,017 - services - beneficial_cashback - DEBUG - Делай четыре - получаем транзакции по очередной категории Сувениры =             Дата операции  ... Сумма операции с округлением
6164  16.05.2018 17:22:41  ...                        72.57

[1 rows x 15 columns]
2026-06-01 16:21:02,022 - services - beneficial_cashback - DEBUG - Делай пять - избавляемся от минуса Сувениры =             Дата операции  ... Сумма операции с округлением
6164  16.05.2018 17:22:41  ...                        72.57

[1 rows x 15 columns]
2026-06-01 16:21:02,023 - services - beneficial_cashback - DEBUG - Делай шесть - получаем сумму по категории Сувениры = 72.57
2026-06-01 16:21:02,023 - services - beneficial_cashback - DEBUG - Делай семь - добавляем в словарь очередную категорию и расходы по ней {'Услуги банка': 19.490000000000002, 'Супермаркеты': 123.68769999999999, 'Связь': 12.0, 'Транспорт': 35.0, 'Различные товары': 16.484, 'Ж/д билеты': 14.27, 'Рестораны': 75.59179999999999, 'Фастфуд': 45.7158, 'Пополнения': 602.0640000000001, 'Наличные': 154.375, 'Переводы': 696.1932, 'Отели': 28.062099999999997, 'Одежда и обувь': 27.081500000000002, 'Образование': 2.8796, 'Сервис': 1.8692, 'Сувениры': 0.7256999999999999}
2026-06-01 16:21:02,028 - services - beneficial_cashback - DEBUG - Делай четыре - получаем транзакции по очередной категории Бонусы =             Дата операции  ... Сумма операции с округлением
6169  16.05.2018 00:00:00  ...                       362.00
6170  16.05.2018 00:00:00  ...                       385.11

[2 rows x 15 columns]
2026-06-01 16:21:02,033 - services - beneficial_cashback - DEBUG - Делай пять - избавляемся от минуса Бонусы =             Дата операции  ... Сумма операции с округлением
6169  16.05.2018 00:00:00  ...                       362.00
6170  16.05.2018 00:00:00  ...                       385.11

[2 rows x 15 columns]
2026-06-01 16:21:02,033 - services - beneficial_cashback - DEBUG - Делай шесть - получаем сумму по категории Бонусы = 747.11
2026-06-01 16:21:02,033 - services - beneficial_cashback - DEBUG - Делай семь - добавляем в словарь очередную категорию и расходы по ней {'Услуги банка': 19.490000000000002, 'Супермаркеты': 123.68769999999999, 'Связь': 12.0, 'Транспорт': 35.0, 'Различные товары': 16.484, 'Ж/д билеты': 14.27, 'Рестораны': 75.59179999999999, 'Фастфуд': 45.7158, 'Пополнения': 602.0640000000001, 'Наличные': 154.375, 'Переводы': 696.1932, 'Отели': 28.062099999999997, 'Одежда и обувь': 27.081500000000002, 'Образование': 2.8796, 'Сервис': 1.8692, 'Сувениры': 0.7256999999999999, 'Бонусы': 7.4711}
2026-06-01 16:21:02,039 - services - beneficial_cashback - DEBUG - Делай четыре - получаем транзакции по очередной категории Аптеки =             Дата операции  ... Сумма операции с округлением
6179  14.05.2018 00:00:00  ...                       461.99

[1 rows x 15 columns]
2026-06-01 16:21:02,044 - services - beneficial_cashback - DEBUG - Делай пять - избавляемся от минуса Аптеки =             Дата операции  ... Сумма операции с округлением
6179  14.05.2018 00:00:00  ...                       461.99

[1 rows x 15 columns]
2026-06-01 16:21:02,044 - services - beneficial_cashback - DEBUG - Делай шесть - получаем сумму по категории Аптеки = 461.99
2026-06-01 16:21:02,044 - services - beneficial_cashback - DEBUG - Делай семь - добавляем в словарь очередную категорию и расходы по ней {'Услуги банка': 19.490000000000002, 'Супермаркеты': 123.68769999999999, 'Связь': 12.0, 'Транспорт': 35.0, 'Различные товары': 16.484, 'Ж/д билеты': 14.27, 'Рестораны': 75.59179999999999, 'Фастфуд': 45.7158, 'Пополнения': 602.0640000000001, 'Наличные': 154.375, 'Переводы': 696.1932, 'Отели': 28.062099999999997, 'Одежда и обувь': 27.081500000000002, 'Образование': 2.8796, 'Сервис': 1.8692, 'Сувениры': 0.7256999999999999, 'Бонусы': 7.4711, 'Аптеки': 4.6199}
2026-06-01 16:21:02,049 - services - beneficial_cashback - DEBUG - Делай четыре - получаем транзакции по очередной категории Красота =             Дата операции  ... Сумма операции с округлением
6197  11.05.2018 12:02:10  ...                      1130.25

[1 rows x 15 columns]
2026-06-01 16:21:02,055 - services - beneficial_cashback - DEBUG - Делай пять - избавляемся от минуса Красота =             Дата операции  ... Сумма операции с округлением
6197  11.05.2018 12:02:10  ...                      1130.25

[1 rows x 15 columns]
2026-06-01 16:21:02,055 - services - beneficial_cashback - DEBUG - Делай шесть - получаем сумму по категории Красота = 1130.25
2026-06-01 16:21:02,055 - services - beneficial_cashback - DEBUG - Делай семь - добавляем в словарь очередную категорию и расходы по ней {'Услуги банка': 19.490000000000002, 'Супермаркеты': 123.68769999999999, 'Связь': 12.0, 'Транспорт': 35.0, 'Различные товары': 16.484, 'Ж/д билеты': 14.27, 'Рестораны': 75.59179999999999, 'Фастфуд': 45.7158, 'Пополнения': 602.0640000000001, 'Наличные': 154.375, 'Переводы': 696.1932, 'Отели': 28.062099999999997, 'Одежда и обувь': 27.081500000000002, 'Образование': 2.8796, 'Сервис': 1.8692, 'Сувениры': 0.7256999999999999, 'Бонусы': 7.4711, 'Аптеки': 4.6199, 'Красота': 11.3025}
2026-06-01 16:21:02,060 - services - beneficial_cashback - DEBUG - Делай четыре - получаем транзакции по очередной категории Топливо =             Дата операции  ... Сумма операции с округлением
6217  06.05.2018 00:00:00  ...                        278.0

[1 rows x 15 columns]
2026-06-01 16:21:02,065 - services - beneficial_cashback - DEBUG - Делай пять - избавляемся от минуса Топливо =             Дата операции  ... Сумма операции с округлением
6217  06.05.2018 00:00:00  ...                        278.0

[1 rows x 15 columns]
2026-06-01 16:21:02,065 - services - beneficial_cashback - DEBUG - Делай шесть - получаем сумму по категории Топливо = 278.0
2026-06-01 16:21:02,065 - services - beneficial_cashback - DEBUG - Делай семь - добавляем в словарь очередную категорию и расходы по ней {'Услуги банка': 19.490000000000002, 'Супермаркеты': 123.68769999999999, 'Связь': 12.0, 'Транспорт': 35.0, 'Различные товары': 16.484, 'Ж/д билеты': 14.27, 'Рестораны': 75.59179999999999, 'Фастфуд': 45.7158, 'Пополнения': 602.0640000000001, 'Наличные': 154.375, 'Переводы': 696.1932, 'Отели': 28.062099999999997, 'Одежда и обувь': 27.081500000000002, 'Образование': 2.8796, 'Сервис': 1.8692, 'Сувениры': 0.7256999999999999, 'Бонусы': 7.4711, 'Аптеки': 4.6199, 'Красота': 11.3025, 'Топливо': 2.7800000000000002}
2026-06-01 16:21:02,071 - services - beneficial_cashback - DEBUG - Делай четыре - получаем транзакции по очередной категории НКО =             Дата операции  ... Сумма операции с округлением
6224  05.05.2018 11:37:01  ...                       1000.0

[1 rows x 15 columns]
2026-06-01 16:21:02,076 - services - beneficial_cashback - DEBUG - Делай пять - избавляемся от минуса НКО =             Дата операции  ... Сумма операции с округлением
6224  05.05.2018 11:37:01  ...                       1000.0

[1 rows x 15 columns]
2026-06-01 16:21:02,076 - services - beneficial_cashback - DEBUG - Делай шесть - получаем сумму по категории НКО = 1000.0
2026-06-01 16:21:02,076 - services - beneficial_cashback - DEBUG - Делай семь - добавляем в словарь очередную категорию и расходы по ней {'Услуги банка': 19.490000000000002, 'Супермаркеты': 123.68769999999999, 'Связь': 12.0, 'Транспорт': 35.0, 'Различные товары': 16.484, 'Ж/д билеты': 14.27, 'Рестораны': 75.59179999999999, 'Фастфуд': 45.7158, 'Пополнения': 602.0640000000001, 'Наличные': 154.375, 'Переводы': 696.1932, 'Отели': 28.062099999999997, 'Одежда и обувь': 27.081500000000002, 'Образование': 2.8796, 'Сервис': 1.8692, 'Сувениры': 0.7256999999999999, 'Бонусы': 7.4711, 'Аптеки': 4.6199, 'Красота': 11.3025, 'Топливо': 2.7800000000000002, 'НКО': 10.0}
2026-06-01 16:21:02,082 - services - beneficial_cashback - DEBUG - Делай четыре - получаем транзакции по очередной категории Другое =             Дата операции  ... Сумма операции с округлением
6230  03.05.2018 12:21:41  ...                     24491.27
6231  03.05.2018 12:12:49  ...                      5075.71

[2 rows x 15 columns]
2026-06-01 16:21:02,087 - services - beneficial_cashback - DEBUG - Делай пять - избавляемся от минуса Другое =             Дата операции  ... Сумма операции с округлением
6230  03.05.2018 12:21:41  ...                     24491.27
6231  03.05.2018 12:12:49  ...                      5075.71

[2 rows x 15 columns]
2026-06-01 16:21:02,087 - services - beneficial_cashback - DEBUG - Делай шесть - получаем сумму по категории Другое = 29566.98
2026-06-01 16:21:02,087 - services - beneficial_cashback - DEBUG - Делай семь - добавляем в словарь очередную категорию и расходы по ней {'Услуги банка': 19.490000000000002, 'Супермаркеты': 123.68769999999999, 'Связь': 12.0, 'Транспорт': 35.0, 'Различные товары': 16.484, 'Ж/д билеты': 14.27, 'Рестораны': 75.59179999999999, 'Фастфуд': 45.7158, 'Пополнения': 602.0640000000001, 'Наличные': 154.375, 'Переводы': 696.1932, 'Отели': 28.062099999999997, 'Одежда и обувь': 27.081500000000002, 'Образование': 2.8796, 'Сервис': 1.8692, 'Сувениры': 0.7256999999999999, 'Бонусы': 7.4711, 'Аптеки': 4.6199, 'Красота': 11.3025, 'Топливо': 2.7800000000000002, 'НКО': 10.0, 'Другое': 295.6698}
2026-06-01 16:21:02,092 - services - beneficial_cashback - DEBUG - Делай четыре - получаем транзакции по очередной категории Финансы =             Дата операции  ... Сумма операции с округлением
6242  30.04.2018 15:27:35  ...                       1596.5

[1 rows x 15 columns]
2026-06-01 16:21:02,097 - services - beneficial_cashback - DEBUG - Делай пять - избавляемся от минуса Финансы =             Дата операции  ... Сумма операции с округлением
6242  30.04.2018 15:27:35  ...                       1596.5

[1 rows x 15 columns]
2026-06-01 16:21:02,097 - services - beneficial_cashback - DEBUG - Делай шесть - получаем сумму по категории Финансы = 1596.5
2026-06-01 16:21:02,097 - services - beneficial_cashback - DEBUG - Делай семь - добавляем в словарь очередную категорию и расходы по ней {'Услуги банка': 19.490000000000002, 'Супермаркеты': 123.68769999999999, 'Связь': 12.0, 'Транспорт': 35.0, 'Различные товары': 16.484, 'Ж/д билеты': 14.27, 'Рестораны': 75.59179999999999, 'Фастфуд': 45.7158, 'Пополнения': 602.0640000000001, 'Наличные': 154.375, 'Переводы': 696.1932, 'Отели': 28.062099999999997, 'Одежда и обувь': 27.081500000000002, 'Образование': 2.8796, 'Сервис': 1.8692, 'Сувениры': 0.7256999999999999, 'Бонусы': 7.4711, 'Аптеки': 4.6199, 'Красота': 11.3025, 'Топливо': 2.7800000000000002, 'НКО': 10.0, 'Другое': 295.6698, 'Финансы': 15.965}
2026-06-01 16:22:19,694 - services - beneficial_cashback - DEBUG - Делай раз - дата фрейм всех транзакций -             Дата операции  ... Сумма операции с округлением
0     31.12.2021 16:44:00  ...                       160.89
1     31.12.2021 16:42:04  ...                        64.00
2     31.12.2021 16:39:04  ...                       118.12
3     31.12.2021 15:44:39  ...                        78.05
4     31.12.2021 01:23:42  ...                       564.00
...                   ...  ...                          ...
6700  04.01.2018 14:05:08  ...                      1065.90
6701  03.01.2018 15:03:35  ...                        73.06
6702  03.01.2018 14:55:21  ...                        21.00
6703  01.01.2018 20:27:51  ...                       316.00
6704  01.01.2018 12:49:53  ...                      3000.00

[6705 rows x 15 columns]
2026-06-01 16:22:19,699 - services - beneficial_cashback - DEBUG - Делай два - дата фрейм с исследуемым годом и месяцем - 6091   2018-05-30
6092   2018-05-31
6093   2018-05-31
6094   2018-05-31
6095   2018-05-30
          ...    
6244   2018-05-02
6245   2018-05-02
6246   2018-05-01
6248   2018-05-04
6249   2018-05-01
Name: Дата платежа, Length: 158, dtype: datetime64[us]
2026-06-01 16:22:19,699 - services - beneficial_cashback - DEBUG - Делай три - создан список категорий без повторений - <StringArray>
[    'Услуги банка',     'Супермаркеты',            'Связь',
        'Транспорт', 'Различные товары',       'Ж/д билеты',
        'Рестораны',          'Фастфуд',       'Пополнения',
         'Наличные',         'Переводы',            'Отели',
   'Одежда и обувь',      'Образование',           'Сервис',
         'Сувениры',           'Бонусы',           'Аптеки',
          'Красота',          'Топливо',              'НКО',
           'Другое',          'Финансы']
Length: 23, dtype: str
2026-06-01 16:22:19,704 - services - beneficial_cashback - DEBUG - Делай четыре - получаем транзакции по очередной категории Услуги банка =             Дата операции  ... Сумма операции с округлением
6091  30.05.2018 00:00:00  ...                       1890.0
6098  29.05.2018 00:00:00  ...                         59.0

[2 rows x 15 columns]
2026-06-01 16:22:19,709 - services - beneficial_cashback - DEBUG - Делай пять - избавляемся от минуса Услуги банка =             Дата операции  ... Сумма операции с округлением
6091  30.05.2018 00:00:00  ...                       1890.0
6098  29.05.2018 00:00:00  ...                         59.0

[2 rows x 15 columns]
2026-06-01 16:22:19,709 - services - beneficial_cashback - DEBUG - Делай шесть - получаем сумму по категории Услуги банка = 1949.0
2026-06-01 16:23:23,753 - services - beneficial_cashback - DEBUG - Делай раз - дата фрейм всех транзакций -             Дата операции  ... Сумма операции с округлением
0     31.12.2021 16:44:00  ...                       160.89
1     31.12.2021 16:42:04  ...                        64.00
2     31.12.2021 16:39:04  ...                       118.12
3     31.12.2021 15:44:39  ...                        78.05
4     31.12.2021 01:23:42  ...                       564.00
...                   ...  ...                          ...
6700  04.01.2018 14:05:08  ...                      1065.90
6701  03.01.2018 15:03:35  ...                        73.06
6702  03.01.2018 14:55:21  ...                        21.00
6703  01.01.2018 20:27:51  ...                       316.00
6704  01.01.2018 12:49:53  ...                      3000.00

[6705 rows x 15 columns]
2026-06-01 16:23:23,757 - services - beneficial_cashback - DEBUG - Делай два - дата фрейм с исследуемым годом и месяцем - 6091   2018-05-30
6092   2018-05-31
6093   2018-05-31
6094   2018-05-31
6095   2018-05-30
          ...    
6244   2018-05-02
6245   2018-05-02
6246   2018-05-01
6248   2018-05-04
6249   2018-05-01
Name: Дата платежа, Length: 158, dtype: datetime64[us]
2026-06-01 16:23:23,757 - services - beneficial_cashback - DEBUG - Делай три - создан список категорий без повторений - <StringArray>
[    'Услуги банка',     'Супермаркеты',            'Связь',
        'Транспорт', 'Различные товары',       'Ж/д билеты',
        'Рестораны',          'Фастфуд',       'Пополнения',
         'Наличные',         'Переводы',            'Отели',
   'Одежда и обувь',      'Образование',           'Сервис',
         'Сувениры',           'Бонусы',           'Аптеки',
          'Красота',          'Топливо',              'НКО',
           'Другое',          'Финансы']
Length: 23, dtype: str
2026-06-01 16:23:23,763 - services - beneficial_cashback - DEBUG - Делай четыре - получаем транзакции по очередной категории Услуги банка =             Дата операции  ... Сумма операции с округлением
6091  30.05.2018 00:00:00  ...                       1890.0
6098  29.05.2018 00:00:00  ...                         59.0

[2 rows x 15 columns]
2026-06-01 16:23:23,768 - services - beneficial_cashback - DEBUG - Делай пять - избавляемся от минуса Услуги банка =             Дата операции  ... Сумма операции с округлением
6091  30.05.2018 00:00:00  ...                       1890.0
6098  29.05.2018 00:00:00  ...                         59.0

[2 rows x 15 columns]
2026-06-01 16:23:23,768 - services - beneficial_cashback - DEBUG - Делай шесть - получаем сумму по категории Услуги банка = 1949.0
2026-06-01 16:24:38,802 - services - beneficial_cashback - DEBUG - Делай раз - дата фрейм всех транзакций -             Дата операции  ... Сумма операции с округлением
0     31.12.2021 16:44:00  ...                       160.89
1     31.12.2021 16:42:04  ...                        64.00
2     31.12.2021 16:39:04  ...                       118.12
3     31.12.2021 15:44:39  ...                        78.05
4     31.12.2021 01:23:42  ...                       564.00
...                   ...  ...                          ...
6700  04.01.2018 14:05:08  ...                      1065.90
6701  03.01.2018 15:03:35  ...                        73.06
6702  03.01.2018 14:55:21  ...                        21.00
6703  01.01.2018 20:27:51  ...                       316.00
6704  01.01.2018 12:49:53  ...                      3000.00

[6705 rows x 15 columns]
2026-06-01 16:24:38,806 - services - beneficial_cashback - DEBUG - Делай два - дата фрейм с исследуемым годом и месяцем - 6091   2018-05-30
6092   2018-05-31
6093   2018-05-31
6094   2018-05-31
6095   2018-05-30
          ...    
6244   2018-05-02
6245   2018-05-02
6246   2018-05-01
6248   2018-05-04
6249   2018-05-01
Name: Дата платежа, Length: 158, dtype: datetime64[us]
2026-06-01 16:24:38,806 - services - beneficial_cashback - DEBUG - Делай три - создан список категорий без повторений - <StringArray>
[    'Услуги банка',     'Супермаркеты',            'Связь',
        'Транспорт', 'Различные товары',       'Ж/д билеты',
        'Рестораны',          'Фастфуд',       'Пополнения',
         'Наличные',         'Переводы',            'Отели',
   'Одежда и обувь',      'Образование',           'Сервис',
         'Сувениры',           'Бонусы',           'Аптеки',
          'Красота',          'Топливо',              'НКО',
           'Другое',          'Финансы']
Length: 23, dtype: str
2026-06-01 16:24:38,812 - services - beneficial_cashback - DEBUG - Делай четыре - получаем транзакции по очередной категории Услуги банка =             Дата операции  ... Сумма операции с округлением
6091  30.05.2018 00:00:00  ...                       1890.0
6098  29.05.2018 00:00:00  ...                         59.0

[2 rows x 15 columns]
2026-06-01 16:24:38,817 - services - beneficial_cashback - DEBUG - Делай пять - избавляемся от минуса Услуги банка =             Дата операции  ... Сумма операции с округлением
6091  30.05.2018 00:00:00  ...                       1890.0
6098  29.05.2018 00:00:00  ...                         59.0

[2 rows x 15 columns]
2026-06-01 16:24:38,817 - services - beneficial_cashback - DEBUG - Делай шесть - получаем сумму по категории Услуги банка = 1949.0
2026-06-01 16:24:38,817 - services - beneficial_cashback - DEBUG - Делай семь - добавляем в словарь очередную категорию и расходы по ней {'Услуги банка': 19.490000000000002}
2026-06-01 16:24:38,827 - services - beneficial_cashback - DEBUG - Делай четыре - получаем транзакции по очередной категории Супермаркеты =             Дата операции  ... Сумма операции с округлением
6092  29.05.2018 22:29:19  ...                       106.60
6093  29.05.2018 22:20:20  ...                       238.60
6094  29.05.2018 17:39:23  ...                       149.40
6096  29.05.2018 15:58:44  ...                        49.80
6097  29.05.2018 13:30:15  ...                       331.71
6099  28.05.2018 23:38:35  ...                       129.72
6103  27.05.2018 15:16:54  ...                       399.00
6104  27.05.2018 13:35:45  ...                       295.80
6111  26.05.2018 15:40:40  ...                       126.80
6112  25.05.2018 17:29:11  ...                       250.00
6113  25.05.2018 17:21:41  ...                       193.70
6117  24.05.2018 22:38:54  ...                       191.50
6119  24.05.2018 09:55:58  ...                       445.39
6125  23.05.2018 10:28:27  ...                       157.25
6127  22.05.2018 18:15:12  ...                        69.60
6128  22.05.2018 16:44:05  ...                      2465.36
6131  22.05.2018 13:05:56  ...                        54.55
6132  22.05.2018 11:20:33  ...                       278.39
6136  21.05.2018 00:00:00  ...                       221.88
6137  21.05.2018 00:00:00  ...                        45.00
6142  20.05.2018 14:34:52  ...                       326.53
6144  20.05.2018 12:48:01  ...                        21.73
6146  19.05.2018 16:38:52  ...                        27.39
6147  19.05.2018 14:45:40  ...                        21.66
6148  19.05.2018 12:37:10  ...                       193.65
6149  19.05.2018 10:13:32  ...                        83.45
6150  18.05.2018 17:32:43  ...                        61.15
6152  18.05.2018 15:34:33  ...                        28.67
6153  18.05.2018 12:00:44  ...                        83.45
6155  17.05.2018 19:08:25  ...                       118.72
6156  17.05.2018 18:24:53  ...                       143.96
6160  17.05.2018 15:15:14  ...                       293.02
6162  17.05.2018 12:27:06  ...                        21.47
6165  16.05.2018 16:48:01  ...                       172.40
6167  16.05.2018 13:47:41  ...                       108.53
6168  16.05.2018 12:57:28  ...                       279.53
6171  15.05.2018 15:53:27  ...                        54.10
6174  15.05.2018 12:31:04  ...                        43.92
6177  14.05.2018 00:00:00  ...                        39.82
6178  14.05.2018 00:00:00  ...                        51.82
6182  13.05.2018 18:40:15  ...                       512.41
6185  13.05.2018 08:54:16  ...                       162.41
6195  11.05.2018 17:27:32  ...                       178.57
6201  10.05.2018 14:49:30  ...                       242.99
6203  09.05.2018 21:15:41  ...                       285.00
6210  08.05.2018 19:34:15  ...                        44.79
6213  07.05.2018 17:40:52  ...                       181.60
6218  06.05.2018 00:00:00  ...                       250.00
6219  05.05.2018 20:52:23  ...                       250.00
6220  05.05.2018 20:27:42  ...                       285.09
6221  05.05.2018 15:52:43  ...                        69.80
6226  04.05.2018 21:07:21  ...                        38.59
6228  03.05.2018 15:19:06  ...                       368.30
6233  02.05.2018 18:28:38  ...                       221.27
6236  01.05.2018 22:06:23  ...                       416.30
6243  30.04.2018 13:09:05  ...                       116.16
6244  29.04.2018 18:57:14  ...                        88.80
6245  29.04.2018 14:17:39  ...                       220.27
6248  28.04.2018 18:17:43  ...                        61.40

[59 rows x 15 columns]
2026-06-01 16:24:38,837 - services - beneficial_cashback - DEBUG - Делай пять - избавляемся от минуса Супермаркеты =             Дата операции  ... Сумма операции с округлением
6092  29.05.2018 22:29:19  ...                       106.60
6093  29.05.2018 22:20:20  ...                       238.60
6094  29.05.2018 17:39:23  ...                       149.40
6096  29.05.2018 15:58:44  ...                        49.80
6097  29.05.2018 13:30:15  ...                       331.71
6099  28.05.2018 23:38:35  ...                       129.72
6103  27.05.2018 15:16:54  ...                       399.00
6104  27.05.2018 13:35:45  ...                       295.80
6111  26.05.2018 15:40:40  ...                       126.80
6112  25.05.2018 17:29:11  ...                       250.00
6113  25.05.2018 17:21:41  ...                       193.70
6117  24.05.2018 22:38:54  ...                       191.50
6119  24.05.2018 09:55:58  ...                       445.39
6125  23.05.2018 10:28:27  ...                       157.25
6127  22.05.2018 18:15:12  ...                        69.60
6128  22.05.2018 16:44:05  ...                      2465.36
6131  22.05.2018 13:05:56  ...                        54.55
6132  22.05.2018 11:20:33  ...                       278.39
6136  21.05.2018 00:00:00  ...                       221.88
6137  21.05.2018 00:00:00  ...                        45.00
6142  20.05.2018 14:34:52  ...                       326.53
6144  20.05.2018 12:48:01  ...                        21.73
6146  19.05.2018 16:38:52  ...                        27.39
6147  19.05.2018 14:45:40  ...                        21.66
6148  19.05.2018 12:37:10  ...                       193.65
6149  19.05.2018 10:13:32  ...                        83.45
6150  18.05.2018 17:32:43  ...                        61.15
6152  18.05.2018 15:34:33  ...                        28.67
6153  18.05.2018 12:00:44  ...                        83.45
6155  17.05.2018 19:08:25  ...                       118.72
6156  17.05.2018 18:24:53  ...                       143.96
6160  17.05.2018 15:15:14  ...                       293.02
6162  17.05.2018 12:27:06  ...                        21.47
6165  16.05.2018 16:48:01  ...                       172.40
6167  16.05.2018 13:47:41  ...                       108.53
6168  16.05.2018 12:57:28  ...                       279.53
6171  15.05.2018 15:53:27  ...                        54.10
6174  15.05.2018 12:31:04  ...                        43.92
6177  14.05.2018 00:00:00  ...                        39.82
6178  14.05.2018 00:00:00  ...                        51.82
6182  13.05.2018 18:40:15  ...                       512.41
6185  13.05.2018 08:54:16  ...                       162.41
6195  11.05.2018 17:27:32  ...                       178.57
6201  10.05.2018 14:49:30  ...                       242.99
6203  09.05.2018 21:15:41  ...                       285.00
6210  08.05.2018 19:34:15  ...                        44.79
6213  07.05.2018 17:40:52  ...                       181.60
6218  06.05.2018 00:00:00  ...                       250.00
6219  05.05.2018 20:52:23  ...                       250.00
6220  05.05.2018 20:27:42  ...                       285.09
6221  05.05.2018 15:52:43  ...                        69.80
6226  04.05.2018 21:07:21  ...                        38.59
6228  03.05.2018 15:19:06  ...                       368.30
6233  02.05.2018 18:28:38  ...                       221.27
6236  01.05.2018 22:06:23  ...                       416.30
6243  30.04.2018 13:09:05  ...                       116.16
6244  29.04.2018 18:57:14  ...                        88.80
6245  29.04.2018 14:17:39  ...                       220.27
6248  28.04.2018 18:17:43  ...                        61.40

[59 rows x 15 columns]
2026-06-01 16:24:38,837 - services - beneficial_cashback - DEBUG - Делай шесть - получаем сумму по категории Супермаркеты = 12368.769999999999
2026-06-01 16:24:38,837 - services - beneficial_cashback - DEBUG - Делай семь - добавляем в словарь очередную категорию и расходы по ней {'Услуги банка': 19.490000000000002, 'Супермаркеты': 123.68769999999999}
2026-06-01 16:24:38,843 - services - beneficial_cashback - DEBUG - Делай четыре - получаем транзакции по очередной категории Связь =             Дата операции  ... Сумма операции с округлением
6095  29.05.2018 16:11:17  ...                        250.0
6100  28.05.2018 00:00:00  ...                        200.0
6101  28.05.2018 00:00:00  ...                        500.0
6232  03.05.2018 01:20:20  ...                        250.0

[4 rows x 15 columns]
2026-06-01 16:24:38,848 - services - beneficial_cashback - DEBUG - Делай пять - избавляемся от минуса Связь =             Дата операции  ... Сумма операции с округлением
6095  29.05.2018 16:11:17  ...                        250.0
6100  28.05.2018 00:00:00  ...                        200.0
6101  28.05.2018 00:00:00  ...                        500.0
6232  03.05.2018 01:20:20  ...                        250.0

[4 rows x 15 columns]
2026-06-01 16:24:38,848 - services - beneficial_cashback - DEBUG - Делай шесть - получаем сумму по категории Связь = 1200.0
2026-06-01 16:24:38,848 - services - beneficial_cashback - DEBUG - Делай семь - добавляем в словарь очередную категорию и расходы по ней {'Услуги банка': 19.490000000000002, 'Супермаркеты': 123.68769999999999, 'Связь': 12.0}
2026-06-01 16:24:38,854 - services - beneficial_cashback - DEBUG - Делай четыре - получаем транзакции по очередной категории Транспорт =             Дата операции  ... Сумма операции с округлением
6102  28.05.2018 00:00:00  ...                        485.0
6116  25.05.2018 00:00:00  ...                       1533.0
6202  10.05.2018 03:11:53  ...                       1482.0

[3 rows x 15 columns]
2026-06-01 16:24:38,859 - services - beneficial_cashback - DEBUG - Делай пять - избавляемся от минуса Транспорт =             Дата операции  ... Сумма операции с округлением
6102  28.05.2018 00:00:00  ...                        485.0
6116  25.05.2018 00:00:00  ...                       1533.0
6202  10.05.2018 03:11:53  ...                       1482.0

[3 rows x 15 columns]
2026-06-01 16:24:38,859 - services - beneficial_cashback - DEBUG - Делай шесть - получаем сумму по категории Транспорт = 3500.0
2026-06-01 16:24:38,859 - services - beneficial_cashback - DEBUG - Делай семь - добавляем в словарь очередную категорию и расходы по ней {'Услуги банка': 19.490000000000002, 'Супермаркеты': 123.68769999999999, 'Связь': 12.0, 'Транспорт': 35.0}
2026-06-01 16:24:38,864 - services - beneficial_cashback - DEBUG - Делай четыре - получаем транзакции по очередной категории Различные товары =             Дата операции  ... Сумма операции с округлением
6105  27.05.2018 13:29:06  ...                         46.0
6215  07.05.2018 16:45:11  ...                       1602.4

[2 rows x 15 columns]
2026-06-01 16:24:38,869 - services - beneficial_cashback - DEBUG - Делай пять - избавляемся от минуса Различные товары =             Дата операции  ... Сумма операции с округлением
6105  27.05.2018 13:29:06  ...                         46.0
6215  07.05.2018 16:45:11  ...                       1602.4

[2 rows x 15 columns]
2026-06-01 16:24:38,870 - services - beneficial_cashback - DEBUG - Делай шесть - получаем сумму по категории Различные товары = 1648.4
2026-06-01 16:24:38,870 - services - beneficial_cashback - DEBUG - Делай семь - добавляем в словарь очередную категорию и расходы по ней {'Услуги банка': 19.490000000000002, 'Супермаркеты': 123.68769999999999, 'Связь': 12.0, 'Транспорт': 35.0, 'Различные товары': 16.484}
2026-06-01 16:24:38,875 - services - beneficial_cashback - DEBUG - Делай четыре - получаем транзакции по очередной категории Ж/д билеты =             Дата операции  ... Сумма операции с округлением
6106  27.05.2018 12:57:41  ...                        300.0
6107  27.05.2018 07:19:02  ...                         45.0
6109  26.05.2018 18:30:22  ...                         40.0
6115  25.05.2018 14:49:12  ...                        360.0
6207  09.05.2018 11:46:17  ...                        114.0
6225  05.05.2018 11:04:33  ...                        360.0
6237  01.05.2018 19:39:19  ...                        208.0

[7 rows x 15 columns]
2026-06-01 16:24:38,881 - services - beneficial_cashback - DEBUG - Делай пять - избавляемся от минуса Ж/д билеты =             Дата операции  ... Сумма операции с округлением
6106  27.05.2018 12:57:41  ...                        300.0
6107  27.05.2018 07:19:02  ...                         45.0
6109  26.05.2018 18:30:22  ...                         40.0
6115  25.05.2018 14:49:12  ...                        360.0
6207  09.05.2018 11:46:17  ...                        114.0
6225  05.05.2018 11:04:33  ...                        360.0
6237  01.05.2018 19:39:19  ...                        208.0

[7 rows x 15 columns]
2026-06-01 16:24:38,881 - services - beneficial_cashback - DEBUG - Делай шесть - получаем сумму по категории Ж/д билеты = 1427.0
2026-06-01 16:24:38,881 - services - beneficial_cashback - DEBUG - Делай семь - добавляем в словарь очередную категорию и расходы по ней {'Услуги банка': 19.490000000000002, 'Супермаркеты': 123.68769999999999, 'Связь': 12.0, 'Транспорт': 35.0, 'Различные товары': 16.484, 'Ж/д билеты': 14.27}
2026-06-01 16:24:38,888 - services - beneficial_cashback - DEBUG - Делай четыре - получаем транзакции по очередной категории Рестораны =             Дата операции  ... Сумма операции с округлением
6108  27.05.2018 00:00:00  ...                       345.00
6124  23.05.2018 12:33:02  ...                        53.88
6126  22.05.2018 22:06:18  ...                        27.59
6129  22.05.2018 15:46:21  ...                        55.18
6133  21.05.2018 21:52:51  ...                       277.13
6135  21.05.2018 00:00:00  ...                        55.63
6138  21.05.2018 00:00:00  ...                       122.50
6141  20.05.2018 17:47:46  ...                       245.38
6145  19.05.2018 22:23:05  ...                       362.31
6151  18.05.2018 17:10:05  ...                       119.12
6157  17.05.2018 17:53:20  ...                       663.75
6163  16.05.2018 23:04:38  ...                       258.92
6166  16.05.2018 15:32:51  ...                      1368.46
6172  15.05.2018 14:53:40  ...                       601.49
6176  14.05.2018 17:52:40  ...                      1262.82
6183  13.05.2018 18:15:19  ...                       130.94
6186  12.05.2018 19:23:00  ...                       118.98
6188  12.05.2018 17:10:15  ...                      1198.57
6194  11.05.2018 18:00:37  ...                       179.84
6196  11.05.2018 15:24:37  ...                       111.69

[20 rows x 15 columns]
2026-06-01 16:24:38,895 - services - beneficial_cashback - DEBUG - Делай пять - избавляемся от минуса Рестораны =             Дата операции  ... Сумма операции с округлением
6108  27.05.2018 00:00:00  ...                       345.00
6124  23.05.2018 12:33:02  ...                        53.88
6126  22.05.2018 22:06:18  ...                        27.59
6129  22.05.2018 15:46:21  ...                        55.18
6133  21.05.2018 21:52:51  ...                       277.13
6135  21.05.2018 00:00:00  ...                        55.63
6138  21.05.2018 00:00:00  ...                       122.50
6141  20.05.2018 17:47:46  ...                       245.38
6145  19.05.2018 22:23:05  ...                       362.31
6151  18.05.2018 17:10:05  ...                       119.12
6157  17.05.2018 17:53:20  ...                       663.75
6163  16.05.2018 23:04:38  ...                       258.92
6166  16.05.2018 15:32:51  ...                      1368.46
6172  15.05.2018 14:53:40  ...                       601.49
6176  14.05.2018 17:52:40  ...                      1262.82
6183  13.05.2018 18:15:19  ...                       130.94
6186  12.05.2018 19:23:00  ...                       118.98
6188  12.05.2018 17:10:15  ...                      1198.57
6194  11.05.2018 18:00:37  ...                       179.84
6196  11.05.2018 15:24:37  ...                       111.69

[20 rows x 15 columns]
2026-06-01 16:24:38,895 - services - beneficial_cashback - DEBUG - Делай шесть - получаем сумму по категории Рестораны = 7559.179999999999
2026-06-01 16:24:38,895 - services - beneficial_cashback - DEBUG - Делай семь - добавляем в словарь очередную категорию и расходы по ней {'Услуги банка': 19.490000000000002, 'Супермаркеты': 123.68769999999999, 'Связь': 12.0, 'Транспорт': 35.0, 'Различные товары': 16.484, 'Ж/д билеты': 14.27, 'Рестораны': 75.59179999999999}
2026-06-01 16:24:38,902 - services - beneficial_cashback - DEBUG - Делай четыре - получаем транзакции по очередной категории Фастфуд =             Дата операции  ... Сумма операции с округлением
6110  26.05.2018 17:08:35  ...                       389.00
6200  10.05.2018 15:04:24  ...                       430.58
6204  09.05.2018 13:55:13  ...                       145.00
6205  09.05.2018 13:44:00  ...                       328.00
6212  08.05.2018 11:37:29  ...                       170.90
6214  07.05.2018 16:55:51  ...                       221.80
6216  07.05.2018 13:05:55  ...                       285.00
6222  05.05.2018 14:35:40  ...                        55.90
6223  05.05.2018 14:32:07  ...                       331.80
6227  04.05.2018 14:00:49  ...                       315.00
6229  03.05.2018 14:11:19  ...                       275.00
6234  02.05.2018 16:26:23  ...                        58.00
6235  02.05.2018 15:28:35  ...                       389.00
6239  01.05.2018 16:50:49  ...                        69.90
6240  01.05.2018 16:49:16  ...                       296.80
6241  30.04.2018 17:49:25  ...                       389.00
6246  29.04.2018 11:30:29  ...                       250.00
6249  28.04.2018 16:56:24  ...                       170.90

[18 rows x 15 columns]
2026-06-01 16:24:38,908 - services - beneficial_cashback - DEBUG - Делай пять - избавляемся от минуса Фастфуд =             Дата операции  ... Сумма операции с округлением
6110  26.05.2018 17:08:35  ...                       389.00
6200  10.05.2018 15:04:24  ...                       430.58
6204  09.05.2018 13:55:13  ...                       145.00
6205  09.05.2018 13:44:00  ...                       328.00
6212  08.05.2018 11:37:29  ...                       170.90
6214  07.05.2018 16:55:51  ...                       221.80
6216  07.05.2018 13:05:55  ...                       285.00
6222  05.05.2018 14:35:40  ...                        55.90
6223  05.05.2018 14:32:07  ...                       331.80
6227  04.05.2018 14:00:49  ...                       315.00
6229  03.05.2018 14:11:19  ...                       275.00
6234  02.05.2018 16:26:23  ...                        58.00
6235  02.05.2018 15:28:35  ...                       389.00
6239  01.05.2018 16:50:49  ...                        69.90
6240  01.05.2018 16:49:16  ...                       296.80
6241  30.04.2018 17:49:25  ...                       389.00
6246  29.04.2018 11:30:29  ...                       250.00
6249  28.04.2018 16:56:24  ...                       170.90

[18 rows x 15 columns]
2026-06-01 16:24:38,908 - services - beneficial_cashback - DEBUG - Делай шесть - получаем сумму по категории Фастфуд = 4571.58
2026-06-01 16:24:38,908 - services - beneficial_cashback - DEBUG - Делай семь - добавляем в словарь очередную категорию и расходы по ней {'Услуги банка': 19.490000000000002, 'Супермаркеты': 123.68769999999999, 'Связь': 12.0, 'Транспорт': 35.0, 'Различные товары': 16.484, 'Ж/д билеты': 14.27, 'Рестораны': 75.59179999999999, 'Фастфуд': 45.7158}
2026-06-01 16:24:38,914 - services - beneficial_cashback - DEBUG - Делай четыре - получаем транзакции по очередной категории Пополнения =             Дата операции  ... Сумма операции с округлением
6114  25.05.2018 16:47:10  ...                      18200.0
6208  08.05.2018 21:07:17  ...                      12006.4
6209  08.05.2018 21:05:59  ...                      30000.0

[3 rows x 15 columns]
2026-06-01 16:24:38,919 - services - beneficial_cashback - DEBUG - Делай пять - избавляемся от минуса Пополнения =             Дата операции  ... Сумма операции с округлением
6114  25.05.2018 16:47:10  ...                      18200.0
6208  08.05.2018 21:07:17  ...                      12006.4
6209  08.05.2018 21:05:59  ...                      30000.0

[3 rows x 15 columns]
2026-06-01 16:24:38,919 - services - beneficial_cashback - DEBUG - Делай шесть - получаем сумму по категории Пополнения = 60206.4
2026-06-01 16:24:38,919 - services - beneficial_cashback - DEBUG - Делай семь - добавляем в словарь очередную категорию и расходы по ней {'Услуги банка': 19.490000000000002, 'Супермаркеты': 123.68769999999999, 'Связь': 12.0, 'Транспорт': 35.0, 'Различные товары': 16.484, 'Ж/д билеты': 14.27, 'Рестораны': 75.59179999999999, 'Фастфуд': 45.7158, 'Пополнения': 602.0640000000001}
2026-06-01 16:24:38,925 - services - beneficial_cashback - DEBUG - Делай четыре - получаем транзакции по очередной категории Наличные =             Дата операции  ... Сумма операции с округлением
6118  24.05.2018 12:54:03  ...                       3000.0
6122  23.05.2018 19:02:38  ...                       3132.5
6154  17.05.2018 21:22:29  ...                       3157.5
6187  12.05.2018 19:02:09  ...                       3147.5
6211  08.05.2018 18:54:18  ...                       3000.0

[5 rows x 15 columns]
2026-06-01 16:24:38,930 - services - beneficial_cashback - DEBUG - Делай пять - избавляемся от минуса Наличные =             Дата операции  ... Сумма операции с округлением
6118  24.05.2018 12:54:03  ...                       3000.0
6122  23.05.2018 19:02:38  ...                       3132.5
6154  17.05.2018 21:22:29  ...                       3157.5
6187  12.05.2018 19:02:09  ...                       3147.5
6211  08.05.2018 18:54:18  ...                       3000.0

[5 rows x 15 columns]
2026-06-01 16:24:38,930 - services - beneficial_cashback - DEBUG - Делай шесть - получаем сумму по категории Наличные = 15437.5
2026-06-01 16:24:38,930 - services - beneficial_cashback - DEBUG - Делай семь - добавляем в словарь очередную категорию и расходы по ней {'Услуги банка': 19.490000000000002, 'Супермаркеты': 123.68769999999999, 'Связь': 12.0, 'Транспорт': 35.0, 'Различные товары': 16.484, 'Ж/д билеты': 14.27, 'Рестораны': 75.59179999999999, 'Фастфуд': 45.7158, 'Пополнения': 602.0640000000001, 'Наличные': 154.375}
2026-06-01 16:24:38,936 - services - beneficial_cashback - DEBUG - Делай четыре - получаем транзакции по очередной категории Переводы =             Дата операции  ... Сумма операции с округлением
6120  23.05.2018 23:37:23  ...                     34427.66
6121  23.05.2018 23:37:21  ...                     34427.66
6206  09.05.2018 13:38:54  ...                       164.00
6238  01.05.2018 17:07:55  ...                       600.00

[4 rows x 15 columns]
2026-06-01 16:24:38,941 - services - beneficial_cashback - DEBUG - Делай пять - избавляемся от минуса Переводы =             Дата операции  ... Сумма операции с округлением
6120  23.05.2018 23:37:23  ...                     34427.66
6121  23.05.2018 23:37:21  ...                     34427.66
6206  09.05.2018 13:38:54  ...                       164.00
6238  01.05.2018 17:07:55  ...                       600.00

[4 rows x 15 columns]
2026-06-01 16:24:38,941 - services - beneficial_cashback - DEBUG - Делай шесть - получаем сумму по категории Переводы = 69619.32
2026-06-01 16:24:38,941 - services - beneficial_cashback - DEBUG - Делай семь - добавляем в словарь очередную категорию и расходы по ней {'Услуги банка': 19.490000000000002, 'Супермаркеты': 123.68769999999999, 'Связь': 12.0, 'Транспорт': 35.0, 'Различные товары': 16.484, 'Ж/д билеты': 14.27, 'Рестораны': 75.59179999999999, 'Фастфуд': 45.7158, 'Пополнения': 602.0640000000001, 'Наличные': 154.375, 'Переводы': 696.1932}
2026-06-01 16:24:38,947 - services - beneficial_cashback - DEBUG - Делай четыре - получаем транзакции по очередной категории Отели =             Дата операции  ... Сумма операции с округлением
6123  23.05.2018 15:24:51  ...                       134.70
6130  22.05.2018 14:28:52  ...                       138.57
6134  21.05.2018 00:00:00  ...                       140.00
6143  20.05.2018 14:24:16  ...                       332.92
6175  15.05.2018 12:25:19  ...                       381.90
6180  14.05.2018 00:00:00  ...                       148.52
6181  14.05.2018 00:00:00  ...                       148.52
6184  13.05.2018 09:19:15  ...                       344.97
6190  12.05.2018 13:20:34  ...                       150.18
6191  12.05.2018 10:31:38  ...                        44.80
6192  12.05.2018 10:27:58  ...                       390.59
6193  11.05.2018 18:33:08  ...                       150.18
6198  11.05.2018 10:15:26  ...                       150.18
6199  10.05.2018 15:49:58  ...                       150.18

[14 rows x 15 columns]
2026-06-01 16:24:38,953 - services - beneficial_cashback - DEBUG - Делай пять - избавляемся от минуса Отели =             Дата операции  ... Сумма операции с округлением
6123  23.05.2018 15:24:51  ...                       134.70
6130  22.05.2018 14:28:52  ...                       138.57
6134  21.05.2018 00:00:00  ...                       140.00
6143  20.05.2018 14:24:16  ...                       332.92
6175  15.05.2018 12:25:19  ...                       381.90
6180  14.05.2018 00:00:00  ...                       148.52
6181  14.05.2018 00:00:00  ...                       148.52
6184  13.05.2018 09:19:15  ...                       344.97
6190  12.05.2018 13:20:34  ...                       150.18
6191  12.05.2018 10:31:38  ...                        44.80
6192  12.05.2018 10:27:58  ...                       390.59
6193  11.05.2018 18:33:08  ...                       150.18
6198  11.05.2018 10:15:26  ...                       150.18
6199  10.05.2018 15:49:58  ...                       150.18

[14 rows x 15 columns]
2026-06-01 16:24:38,953 - services - beneficial_cashback - DEBUG - Делай шесть - получаем сумму по категории Отели = 2806.2099999999996
2026-06-01 16:24:38,953 - services - beneficial_cashback - DEBUG - Делай семь - добавляем в словарь очередную категорию и расходы по ней {'Услуги банка': 19.490000000000002, 'Супермаркеты': 123.68769999999999, 'Связь': 12.0, 'Транспорт': 35.0, 'Различные товары': 16.484, 'Ж/д билеты': 14.27, 'Рестораны': 75.59179999999999, 'Фастфуд': 45.7158, 'Пополнения': 602.0640000000001, 'Наличные': 154.375, 'Переводы': 696.1932, 'Отели': 28.062099999999997}
2026-06-01 16:24:38,959 - services - beneficial_cashback - DEBUG - Делай четыре - получаем транзакции по очередной категории Одежда и обувь =             Дата операции  ... Сумма операции с округлением
6139  20.05.2018 21:50:08  ...                       505.45
6140  20.05.2018 21:48:58  ...                       288.19
6173  15.05.2018 14:03:17  ...                      1320.74
6189  12.05.2018 15:53:44  ...                       593.77

[4 rows x 15 columns]
2026-06-01 16:24:38,964 - services - beneficial_cashback - DEBUG - Делай пять - избавляемся от минуса Одежда и обувь =             Дата операции  ... Сумма операции с округлением
6139  20.05.2018 21:50:08  ...                       505.45
6140  20.05.2018 21:48:58  ...                       288.19
6173  15.05.2018 14:03:17  ...                      1320.74
6189  12.05.2018 15:53:44  ...                       593.77

[4 rows x 15 columns]
2026-06-01 16:24:38,964 - services - beneficial_cashback - DEBUG - Делай шесть - получаем сумму по категории Одежда и обувь = 2708.15
2026-06-01 16:24:38,964 - services - beneficial_cashback - DEBUG - Делай семь - добавляем в словарь очередную категорию и расходы по ней {'Услуги банка': 19.490000000000002, 'Супермаркеты': 123.68769999999999, 'Связь': 12.0, 'Транспорт': 35.0, 'Различные товары': 16.484, 'Ж/д билеты': 14.27, 'Рестораны': 75.59179999999999, 'Фастфуд': 45.7158, 'Пополнения': 602.0640000000001, 'Наличные': 154.375, 'Переводы': 696.1932, 'Отели': 28.062099999999997, 'Одежда и обувь': 27.081500000000002}
2026-06-01 16:24:38,970 - services - beneficial_cashback - DEBUG - Делай четыре - получаем транзакции по очередной категории Образование =             Дата операции  ... Сумма операции с округлением
6158  17.05.2018 17:14:47  ...                       143.98
6159  17.05.2018 16:00:41  ...                       143.98

[2 rows x 15 columns]
2026-06-01 16:24:38,975 - services - beneficial_cashback - DEBUG - Делай пять - избавляемся от минуса Образование =             Дата операции  ... Сумма операции с округлением
6158  17.05.2018 17:14:47  ...                       143.98
6159  17.05.2018 16:00:41  ...                       143.98

[2 rows x 15 columns]
2026-06-01 16:24:38,975 - services - beneficial_cashback - DEBUG - Делай шесть - получаем сумму по категории Образование = 287.96
2026-06-01 16:24:38,975 - services - beneficial_cashback - DEBUG - Делай семь - добавляем в словарь очередную категорию и расходы по ней {'Услуги банка': 19.490000000000002, 'Супермаркеты': 123.68769999999999, 'Связь': 12.0, 'Транспорт': 35.0, 'Различные товары': 16.484, 'Ж/д билеты': 14.27, 'Рестораны': 75.59179999999999, 'Фастфуд': 45.7158, 'Пополнения': 602.0640000000001, 'Наличные': 154.375, 'Переводы': 696.1932, 'Отели': 28.062099999999997, 'Одежда и обувь': 27.081500000000002, 'Образование': 2.8796}
2026-06-01 16:24:38,980 - services - beneficial_cashback - DEBUG - Делай четыре - получаем транзакции по очередной категории Сервис =             Дата операции  ... Сумма операции с округлением
6161  17.05.2018 15:09:16  ...                       186.92

[1 rows x 15 columns]
2026-06-01 16:24:38,985 - services - beneficial_cashback - DEBUG - Делай пять - избавляемся от минуса Сервис =             Дата операции  ... Сумма операции с округлением
6161  17.05.2018 15:09:16  ...                       186.92

[1 rows x 15 columns]
2026-06-01 16:24:38,985 - services - beneficial_cashback - DEBUG - Делай шесть - получаем сумму по категории Сервис = 186.92
2026-06-01 16:24:38,985 - services - beneficial_cashback - DEBUG - Делай семь - добавляем в словарь очередную категорию и расходы по ней {'Услуги банка': 19.490000000000002, 'Супермаркеты': 123.68769999999999, 'Связь': 12.0, 'Транспорт': 35.0, 'Различные товары': 16.484, 'Ж/д билеты': 14.27, 'Рестораны': 75.59179999999999, 'Фастфуд': 45.7158, 'Пополнения': 602.0640000000001, 'Наличные': 154.375, 'Переводы': 696.1932, 'Отели': 28.062099999999997, 'Одежда и обувь': 27.081500000000002, 'Образование': 2.8796, 'Сервис': 1.8692}
2026-06-01 16:24:38,990 - services - beneficial_cashback - DEBUG - Делай четыре - получаем транзакции по очередной категории Сувениры =             Дата операции  ... Сумма операции с округлением
6164  16.05.2018 17:22:41  ...                        72.57

[1 rows x 15 columns]
2026-06-01 16:24:38,995 - services - beneficial_cashback - DEBUG - Делай пять - избавляемся от минуса Сувениры =             Дата операции  ... Сумма операции с округлением
6164  16.05.2018 17:22:41  ...                        72.57

[1 rows x 15 columns]
2026-06-01 16:24:38,995 - services - beneficial_cashback - DEBUG - Делай шесть - получаем сумму по категории Сувениры = 72.57
2026-06-01 16:24:38,995 - services - beneficial_cashback - DEBUG - Делай семь - добавляем в словарь очередную категорию и расходы по ней {'Услуги банка': 19.490000000000002, 'Супермаркеты': 123.68769999999999, 'Связь': 12.0, 'Транспорт': 35.0, 'Различные товары': 16.484, 'Ж/д билеты': 14.27, 'Рестораны': 75.59179999999999, 'Фастфуд': 45.7158, 'Пополнения': 602.0640000000001, 'Наличные': 154.375, 'Переводы': 696.1932, 'Отели': 28.062099999999997, 'Одежда и обувь': 27.081500000000002, 'Образование': 2.8796, 'Сервис': 1.8692, 'Сувениры': 0.7256999999999999}
2026-06-01 16:24:39,000 - services - beneficial_cashback - DEBUG - Делай четыре - получаем транзакции по очередной категории Бонусы =             Дата операции  ... Сумма операции с округлением
6169  16.05.2018 00:00:00  ...                       362.00
6170  16.05.2018 00:00:00  ...                       385.11

[2 rows x 15 columns]
2026-06-01 16:24:39,005 - services - beneficial_cashback - DEBUG - Делай пять - избавляемся от минуса Бонусы =             Дата операции  ... Сумма операции с округлением
6169  16.05.2018 00:00:00  ...                       362.00
6170  16.05.2018 00:00:00  ...                       385.11

[2 rows x 15 columns]
2026-06-01 16:24:39,005 - services - beneficial_cashback - DEBUG - Делай шесть - получаем сумму по категории Бонусы = 747.11
2026-06-01 16:24:39,006 - services - beneficial_cashback - DEBUG - Делай семь - добавляем в словарь очередную категорию и расходы по ней {'Услуги банка': 19.490000000000002, 'Супермаркеты': 123.68769999999999, 'Связь': 12.0, 'Транспорт': 35.0, 'Различные товары': 16.484, 'Ж/д билеты': 14.27, 'Рестораны': 75.59179999999999, 'Фастфуд': 45.7158, 'Пополнения': 602.0640000000001, 'Наличные': 154.375, 'Переводы': 696.1932, 'Отели': 28.062099999999997, 'Одежда и обувь': 27.081500000000002, 'Образование': 2.8796, 'Сервис': 1.8692, 'Сувениры': 0.7256999999999999, 'Бонусы': 7.4711}
2026-06-01 16:24:39,012 - services - beneficial_cashback - DEBUG - Делай четыре - получаем транзакции по очередной категории Аптеки =             Дата операции  ... Сумма операции с округлением
6179  14.05.2018 00:00:00  ...                       461.99

[1 rows x 15 columns]
2026-06-01 16:24:39,018 - services - beneficial_cashback - DEBUG - Делай пять - избавляемся от минуса Аптеки =             Дата операции  ... Сумма операции с округлением
6179  14.05.2018 00:00:00  ...                       461.99

[1 rows x 15 columns]
2026-06-01 16:24:39,018 - services - beneficial_cashback - DEBUG - Делай шесть - получаем сумму по категории Аптеки = 461.99
2026-06-01 16:24:39,018 - services - beneficial_cashback - DEBUG - Делай семь - добавляем в словарь очередную категорию и расходы по ней {'Услуги банка': 19.490000000000002, 'Супермаркеты': 123.68769999999999, 'Связь': 12.0, 'Транспорт': 35.0, 'Различные товары': 16.484, 'Ж/д билеты': 14.27, 'Рестораны': 75.59179999999999, 'Фастфуд': 45.7158, 'Пополнения': 602.0640000000001, 'Наличные': 154.375, 'Переводы': 696.1932, 'Отели': 28.062099999999997, 'Одежда и обувь': 27.081500000000002, 'Образование': 2.8796, 'Сервис': 1.8692, 'Сувениры': 0.7256999999999999, 'Бонусы': 7.4711, 'Аптеки': 4.6199}
2026-06-01 16:24:39,023 - services - beneficial_cashback - DEBUG - Делай четыре - получаем транзакции по очередной категории Красота =             Дата операции  ... Сумма операции с округлением
6197  11.05.2018 12:02:10  ...                      1130.25

[1 rows x 15 columns]
2026-06-01 16:24:39,029 - services - beneficial_cashback - DEBUG - Делай пять - избавляемся от минуса Красота =             Дата операции  ... Сумма операции с округлением
6197  11.05.2018 12:02:10  ...                      1130.25

[1 rows x 15 columns]
2026-06-01 16:24:39,029 - services - beneficial_cashback - DEBUG - Делай шесть - получаем сумму по категории Красота = 1130.25
2026-06-01 16:24:39,029 - services - beneficial_cashback - DEBUG - Делай семь - добавляем в словарь очередную категорию и расходы по ней {'Услуги банка': 19.490000000000002, 'Супермаркеты': 123.68769999999999, 'Связь': 12.0, 'Транспорт': 35.0, 'Различные товары': 16.484, 'Ж/д билеты': 14.27, 'Рестораны': 75.59179999999999, 'Фастфуд': 45.7158, 'Пополнения': 602.0640000000001, 'Наличные': 154.375, 'Переводы': 696.1932, 'Отели': 28.062099999999997, 'Одежда и обувь': 27.081500000000002, 'Образование': 2.8796, 'Сервис': 1.8692, 'Сувениры': 0.7256999999999999, 'Бонусы': 7.4711, 'Аптеки': 4.6199, 'Красота': 11.3025}
2026-06-01 16:24:39,034 - services - beneficial_cashback - DEBUG - Делай четыре - получаем транзакции по очередной категории Топливо =             Дата операции  ... Сумма операции с округлением
6217  06.05.2018 00:00:00  ...                        278.0

[1 rows x 15 columns]
2026-06-01 16:24:39,039 - services - beneficial_cashback - DEBUG - Делай пять - избавляемся от минуса Топливо =             Дата операции  ... Сумма операции с округлением
6217  06.05.2018 00:00:00  ...                        278.0

[1 rows x 15 columns]
2026-06-01 16:24:39,040 - services - beneficial_cashback - DEBUG - Делай шесть - получаем сумму по категории Топливо = 278.0
2026-06-01 16:24:39,040 - services - beneficial_cashback - DEBUG - Делай семь - добавляем в словарь очередную категорию и расходы по ней {'Услуги банка': 19.490000000000002, 'Супермаркеты': 123.68769999999999, 'Связь': 12.0, 'Транспорт': 35.0, 'Различные товары': 16.484, 'Ж/д билеты': 14.27, 'Рестораны': 75.59179999999999, 'Фастфуд': 45.7158, 'Пополнения': 602.0640000000001, 'Наличные': 154.375, 'Переводы': 696.1932, 'Отели': 28.062099999999997, 'Одежда и обувь': 27.081500000000002, 'Образование': 2.8796, 'Сервис': 1.8692, 'Сувениры': 0.7256999999999999, 'Бонусы': 7.4711, 'Аптеки': 4.6199, 'Красота': 11.3025, 'Топливо': 2.7800000000000002}
2026-06-01 16:24:39,045 - services - beneficial_cashback - DEBUG - Делай четыре - получаем транзакции по очередной категории НКО =             Дата операции  ... Сумма операции с округлением
6224  05.05.2018 11:37:01  ...                       1000.0

[1 rows x 15 columns]
2026-06-01 16:24:39,050 - services - beneficial_cashback - DEBUG - Делай пять - избавляемся от минуса НКО =             Дата операции  ... Сумма операции с округлением
6224  05.05.2018 11:37:01  ...                       1000.0

[1 rows x 15 columns]
2026-06-01 16:24:39,050 - services - beneficial_cashback - DEBUG - Делай шесть - получаем сумму по категории НКО = 1000.0
2026-06-01 16:24:39,050 - services - beneficial_cashback - DEBUG - Делай семь - добавляем в словарь очередную категорию и расходы по ней {'Услуги банка': 19.490000000000002, 'Супермаркеты': 123.68769999999999, 'Связь': 12.0, 'Транспорт': 35.0, 'Различные товары': 16.484, 'Ж/д билеты': 14.27, 'Рестораны': 75.59179999999999, 'Фастфуд': 45.7158, 'Пополнения': 602.0640000000001, 'Наличные': 154.375, 'Переводы': 696.1932, 'Отели': 28.062099999999997, 'Одежда и обувь': 27.081500000000002, 'Образование': 2.8796, 'Сервис': 1.8692, 'Сувениры': 0.7256999999999999, 'Бонусы': 7.4711, 'Аптеки': 4.6199, 'Красота': 11.3025, 'Топливо': 2.7800000000000002, 'НКО': 10.0}
2026-06-01 16:24:39,056 - services - beneficial_cashback - DEBUG - Делай четыре - получаем транзакции по очередной категории Другое =             Дата операции  ... Сумма операции с округлением
6230  03.05.2018 12:21:41  ...                     24491.27
6231  03.05.2018 12:12:49  ...                      5075.71

[2 rows x 15 columns]
2026-06-01 16:24:39,061 - services - beneficial_cashback - DEBUG - Делай пять - избавляемся от минуса Другое =             Дата операции  ... Сумма операции с округлением
6230  03.05.2018 12:21:41  ...                     24491.27
6231  03.05.2018 12:12:49  ...                      5075.71

[2 rows x 15 columns]
2026-06-01 16:24:39,061 - services - beneficial_cashback - DEBUG - Делай шесть - получаем сумму по категории Другое = 29566.98
2026-06-01 16:24:39,061 - services - beneficial_cashback - DEBUG - Делай семь - добавляем в словарь очередную категорию и расходы по ней {'Услуги банка': 19.490000000000002, 'Супермаркеты': 123.68769999999999, 'Связь': 12.0, 'Транспорт': 35.0, 'Различные товары': 16.484, 'Ж/д билеты': 14.27, 'Рестораны': 75.59179999999999, 'Фастфуд': 45.7158, 'Пополнения': 602.0640000000001, 'Наличные': 154.375, 'Переводы': 696.1932, 'Отели': 28.062099999999997, 'Одежда и обувь': 27.081500000000002, 'Образование': 2.8796, 'Сервис': 1.8692, 'Сувениры': 0.7256999999999999, 'Бонусы': 7.4711, 'Аптеки': 4.6199, 'Красота': 11.3025, 'Топливо': 2.7800000000000002, 'НКО': 10.0, 'Другое': 295.6698}
2026-06-01 16:24:39,066 - services - beneficial_cashback - DEBUG - Делай четыре - получаем транзакции по очередной категории Финансы =             Дата операции  ... Сумма операции с округлением
6242  30.04.2018 15:27:35  ...                       1596.5

[1 rows x 15 columns]
2026-06-01 16:24:39,071 - services - beneficial_cashback - DEBUG - Делай пять - избавляемся от минуса Финансы =             Дата операции  ... Сумма операции с округлением
6242  30.04.2018 15:27:35  ...                       1596.5

[1 rows x 15 columns]
2026-06-01 16:24:39,072 - services - beneficial_cashback - DEBUG - Делай шесть - получаем сумму по категории Финансы = 1596.5
2026-06-01 16:24:39,072 - services - beneficial_cashback - DEBUG - Делай семь - добавляем в словарь очередную категорию и расходы по ней {'Услуги банка': 19.490000000000002, 'Супермаркеты': 123.68769999999999, 'Связь': 12.0, 'Транспорт': 35.0, 'Различные товары': 16.484, 'Ж/д билеты': 14.27, 'Рестораны': 75.59179999999999, 'Фастфуд': 45.7158, 'Пополнения': 602.0640000000001, 'Наличные': 154.375, 'Переводы': 696.1932, 'Отели': 28.062099999999997, 'Одежда и обувь': 27.081500000000002, 'Образование': 2.8796, 'Сервис': 1.8692, 'Сувениры': 0.7256999999999999, 'Бонусы': 7.4711, 'Аптеки': 4.6199, 'Красота': 11.3025, 'Топливо': 2.7800000000000002, 'НКО': 10.0, 'Другое': 295.6698, 'Финансы': 15.965}
2026-06-01 16:25:27,604 - services - beneficial_cashback - DEBUG - Делай раз - дата фрейм всех транзакций -             Дата операции  ... Сумма операции с округлением
0     31.12.2021 16:44:00  ...                       160.89
1     31.12.2021 16:42:04  ...                        64.00
2     31.12.2021 16:39:04  ...                       118.12
3     31.12.2021 15:44:39  ...                        78.05
4     31.12.2021 01:23:42  ...                       564.00
...                   ...  ...                          ...
6700  04.01.2018 14:05:08  ...                      1065.90
6701  03.01.2018 15:03:35  ...                        73.06
6702  03.01.2018 14:55:21  ...                        21.00
6703  01.01.2018 20:27:51  ...                       316.00
6704  01.01.2018 12:49:53  ...                      3000.00

[6705 rows x 15 columns]
2026-06-01 16:25:27,608 - services - beneficial_cashback - DEBUG - Делай два - дата фрейм с исследуемым годом и месяцем - 6091   2018-05-30
6092   2018-05-31
6093   2018-05-31
6094   2018-05-31
6095   2018-05-30
          ...    
6244   2018-05-02
6245   2018-05-02
6246   2018-05-01
6248   2018-05-04
6249   2018-05-01
Name: Дата платежа, Length: 158, dtype: datetime64[us]
2026-06-01 16:25:27,608 - services - beneficial_cashback - DEBUG - Делай три - создан список категорий без повторений - <StringArray>
[    'Услуги банка',     'Супермаркеты',            'Связь',
        'Транспорт', 'Различные товары',       'Ж/д билеты',
        'Рестораны',          'Фастфуд',       'Пополнения',
         'Наличные',         'Переводы',            'Отели',
   'Одежда и обувь',      'Образование',           'Сервис',
         'Сувениры',           'Бонусы',           'Аптеки',
          'Красота',          'Топливо',              'НКО',
           'Другое',          'Финансы']
Length: 23, dtype: str
2026-06-01 16:25:27,614 - services - beneficial_cashback - DEBUG - Делай четыре - получаем транзакции по очередной категории Услуги банка =             Дата операции  ... Сумма операции с округлением
6091  30.05.2018 00:00:00  ...                       1890.0
6098  29.05.2018 00:00:00  ...                         59.0

[2 rows x 15 columns]
2026-06-01 16:25:27,619 - services - beneficial_cashback - DEBUG - Делай пять - избавляемся от минуса Услуги банка =             Дата операции  ... Сумма операции с округлением
6091  30.05.2018 00:00:00  ...                       1890.0
6098  29.05.2018 00:00:00  ...                         59.0

[2 rows x 15 columns]
2026-06-01 16:25:27,619 - services - beneficial_cashback - DEBUG - Делай шесть - получаем сумму по категории Услуги банка = 1949.0
2026-06-01 16:29:13,822 - services - beneficial_cashback - DEBUG - Делай раз - дата фрейм всех транзакций -             Дата операции  ... Сумма операции с округлением
0     31.12.2021 16:44:00  ...                       160.89
1     31.12.2021 16:42:04  ...                        64.00
2     31.12.2021 16:39:04  ...                       118.12
3     31.12.2021 15:44:39  ...                        78.05
4     31.12.2021 01:23:42  ...                       564.00
...                   ...  ...                          ...
6700  04.01.2018 14:05:08  ...                      1065.90
6701  03.01.2018 15:03:35  ...                        73.06
6702  03.01.2018 14:55:21  ...                        21.00
6703  01.01.2018 20:27:51  ...                       316.00
6704  01.01.2018 12:49:53  ...                      3000.00

[6705 rows x 15 columns]
2026-06-01 16:29:13,827 - services - beneficial_cashback - DEBUG - Делай два - дата фрейм с исследуемым годом и месяцем - 6091   2018-05-30
6092   2018-05-31
6093   2018-05-31
6094   2018-05-31
6095   2018-05-30
          ...    
6244   2018-05-02
6245   2018-05-02
6246   2018-05-01
6248   2018-05-04
6249   2018-05-01
Name: Дата платежа, Length: 158, dtype: datetime64[us]
2026-06-01 16:29:13,827 - services - beneficial_cashback - DEBUG - Делай три - создан список категорий без повторений - <StringArray>
[    'Услуги банка',     'Супермаркеты',            'Связь',
        'Транспорт', 'Различные товары',       'Ж/д билеты',
        'Рестораны',          'Фастфуд',       'Пополнения',
         'Наличные',         'Переводы',            'Отели',
   'Одежда и обувь',      'Образование',           'Сервис',
         'Сувениры',           'Бонусы',           'Аптеки',
          'Красота',          'Топливо',              'НКО',
           'Другое',          'Финансы']
Length: 23, dtype: str
2026-06-01 16:29:13,832 - services - beneficial_cashback - DEBUG - Делай четыре - получаем транзакции по очередной категории Услуги банка =             Дата операции  ... Сумма операции с округлением
6091  30.05.2018 00:00:00  ...                       1890.0
6098  29.05.2018 00:00:00  ...                         59.0

[2 rows x 15 columns]
2026-06-01 16:29:13,838 - services - beneficial_cashback - DEBUG - Делай пять - избавляемся от минуса Услуги банка =             Дата операции  ... Сумма операции с округлением
6091  30.05.2018 00:00:00  ...                       1890.0
6098  29.05.2018 00:00:00  ...                         59.0

[2 rows x 15 columns]
2026-06-01 16:29:13,838 - services - beneficial_cashback - DEBUG - Делай шесть - получаем сумму по категории Услуги банка = 1949.0
2026-06-01 16:29:13,838 - services - beneficial_cashback - DEBUG - Делай семь - добавляем в словарь очередную категорию и расходы по ней {'Услуги банка': 19.49}
2026-06-01 16:29:13,848 - services - beneficial_cashback - DEBUG - Делай четыре - получаем транзакции по очередной категории Супермаркеты =             Дата операции  ... Сумма операции с округлением
6092  29.05.2018 22:29:19  ...                       106.60
6093  29.05.2018 22:20:20  ...                       238.60
6094  29.05.2018 17:39:23  ...                       149.40
6096  29.05.2018 15:58:44  ...                        49.80
6097  29.05.2018 13:30:15  ...                       331.71
6099  28.05.2018 23:38:35  ...                       129.72
6103  27.05.2018 15:16:54  ...                       399.00
6104  27.05.2018 13:35:45  ...                       295.80
6111  26.05.2018 15:40:40  ...                       126.80
6112  25.05.2018 17:29:11  ...                       250.00
6113  25.05.2018 17:21:41  ...                       193.70
6117  24.05.2018 22:38:54  ...                       191.50
6119  24.05.2018 09:55:58  ...                       445.39
6125  23.05.2018 10:28:27  ...                       157.25
6127  22.05.2018 18:15:12  ...                        69.60
6128  22.05.2018 16:44:05  ...                      2465.36
6131  22.05.2018 13:05:56  ...                        54.55
6132  22.05.2018 11:20:33  ...                       278.39
6136  21.05.2018 00:00:00  ...                       221.88
6137  21.05.2018 00:00:00  ...                        45.00
6142  20.05.2018 14:34:52  ...                       326.53
6144  20.05.2018 12:48:01  ...                        21.73
6146  19.05.2018 16:38:52  ...                        27.39
6147  19.05.2018 14:45:40  ...                        21.66
6148  19.05.2018 12:37:10  ...                       193.65
6149  19.05.2018 10:13:32  ...                        83.45
6150  18.05.2018 17:32:43  ...                        61.15
6152  18.05.2018 15:34:33  ...                        28.67
6153  18.05.2018 12:00:44  ...                        83.45
6155  17.05.2018 19:08:25  ...                       118.72
6156  17.05.2018 18:24:53  ...                       143.96
6160  17.05.2018 15:15:14  ...                       293.02
6162  17.05.2018 12:27:06  ...                        21.47
6165  16.05.2018 16:48:01  ...                       172.40
6167  16.05.2018 13:47:41  ...                       108.53
6168  16.05.2018 12:57:28  ...                       279.53
6171  15.05.2018 15:53:27  ...                        54.10
6174  15.05.2018 12:31:04  ...                        43.92
6177  14.05.2018 00:00:00  ...                        39.82
6178  14.05.2018 00:00:00  ...                        51.82
6182  13.05.2018 18:40:15  ...                       512.41
6185  13.05.2018 08:54:16  ...                       162.41
6195  11.05.2018 17:27:32  ...                       178.57
6201  10.05.2018 14:49:30  ...                       242.99
6203  09.05.2018 21:15:41  ...                       285.00
6210  08.05.2018 19:34:15  ...                        44.79
6213  07.05.2018 17:40:52  ...                       181.60
6218  06.05.2018 00:00:00  ...                       250.00
6219  05.05.2018 20:52:23  ...                       250.00
6220  05.05.2018 20:27:42  ...                       285.09
6221  05.05.2018 15:52:43  ...                        69.80
6226  04.05.2018 21:07:21  ...                        38.59
6228  03.05.2018 15:19:06  ...                       368.30
6233  02.05.2018 18:28:38  ...                       221.27
6236  01.05.2018 22:06:23  ...                       416.30
6243  30.04.2018 13:09:05  ...                       116.16
6244  29.04.2018 18:57:14  ...                        88.80
6245  29.04.2018 14:17:39  ...                       220.27
6248  28.04.2018 18:17:43  ...                        61.40

[59 rows x 15 columns]
2026-06-01 16:29:13,858 - services - beneficial_cashback - DEBUG - Делай пять - избавляемся от минуса Супермаркеты =             Дата операции  ... Сумма операции с округлением
6092  29.05.2018 22:29:19  ...                       106.60
6093  29.05.2018 22:20:20  ...                       238.60
6094  29.05.2018 17:39:23  ...                       149.40
6096  29.05.2018 15:58:44  ...                        49.80
6097  29.05.2018 13:30:15  ...                       331.71
6099  28.05.2018 23:38:35  ...                       129.72
6103  27.05.2018 15:16:54  ...                       399.00
6104  27.05.2018 13:35:45  ...                       295.80
6111  26.05.2018 15:40:40  ...                       126.80
6112  25.05.2018 17:29:11  ...                       250.00
6113  25.05.2018 17:21:41  ...                       193.70
6117  24.05.2018 22:38:54  ...                       191.50
6119  24.05.2018 09:55:58  ...                       445.39
6125  23.05.2018 10:28:27  ...                       157.25
6127  22.05.2018 18:15:12  ...                        69.60
6128  22.05.2018 16:44:05  ...                      2465.36
6131  22.05.2018 13:05:56  ...                        54.55
6132  22.05.2018 11:20:33  ...                       278.39
6136  21.05.2018 00:00:00  ...                       221.88
6137  21.05.2018 00:00:00  ...                        45.00
6142  20.05.2018 14:34:52  ...                       326.53
6144  20.05.2018 12:48:01  ...                        21.73
6146  19.05.2018 16:38:52  ...                        27.39
6147  19.05.2018 14:45:40  ...                        21.66
6148  19.05.2018 12:37:10  ...                       193.65
6149  19.05.2018 10:13:32  ...                        83.45
6150  18.05.2018 17:32:43  ...                        61.15
6152  18.05.2018 15:34:33  ...                        28.67
6153  18.05.2018 12:00:44  ...                        83.45
6155  17.05.2018 19:08:25  ...                       118.72
6156  17.05.2018 18:24:53  ...                       143.96
6160  17.05.2018 15:15:14  ...                       293.02
6162  17.05.2018 12:27:06  ...                        21.47
6165  16.05.2018 16:48:01  ...                       172.40
6167  16.05.2018 13:47:41  ...                       108.53
6168  16.05.2018 12:57:28  ...                       279.53
6171  15.05.2018 15:53:27  ...                        54.10
6174  15.05.2018 12:31:04  ...                        43.92
6177  14.05.2018 00:00:00  ...                        39.82
6178  14.05.2018 00:00:00  ...                        51.82
6182  13.05.2018 18:40:15  ...                       512.41
6185  13.05.2018 08:54:16  ...                       162.41
6195  11.05.2018 17:27:32  ...                       178.57
6201  10.05.2018 14:49:30  ...                       242.99
6203  09.05.2018 21:15:41  ...                       285.00
6210  08.05.2018 19:34:15  ...                        44.79
6213  07.05.2018 17:40:52  ...                       181.60
6218  06.05.2018 00:00:00  ...                       250.00
6219  05.05.2018 20:52:23  ...                       250.00
6220  05.05.2018 20:27:42  ...                       285.09
6221  05.05.2018 15:52:43  ...                        69.80
6226  04.05.2018 21:07:21  ...                        38.59
6228  03.05.2018 15:19:06  ...                       368.30
6233  02.05.2018 18:28:38  ...                       221.27
6236  01.05.2018 22:06:23  ...                       416.30
6243  30.04.2018 13:09:05  ...                       116.16
6244  29.04.2018 18:57:14  ...                        88.80
6245  29.04.2018 14:17:39  ...                       220.27
6248  28.04.2018 18:17:43  ...                        61.40

[59 rows x 15 columns]
2026-06-01 16:29:13,858 - services - beneficial_cashback - DEBUG - Делай шесть - получаем сумму по категории Супермаркеты = 12368.769999999999
2026-06-01 16:29:13,858 - services - beneficial_cashback - DEBUG - Делай семь - добавляем в словарь очередную категорию и расходы по ней {'Услуги банка': 19.49, 'Супермаркеты': 123.69}
2026-06-01 16:29:13,864 - services - beneficial_cashback - DEBUG - Делай четыре - получаем транзакции по очередной категории Связь =             Дата операции  ... Сумма операции с округлением
6095  29.05.2018 16:11:17  ...                        250.0
6100  28.05.2018 00:00:00  ...                        200.0
6101  28.05.2018 00:00:00  ...                        500.0
6232  03.05.2018 01:20:20  ...                        250.0

[4 rows x 15 columns]
2026-06-01 16:29:13,870 - services - beneficial_cashback - DEBUG - Делай пять - избавляемся от минуса Связь =             Дата операции  ... Сумма операции с округлением
6095  29.05.2018 16:11:17  ...                        250.0
6100  28.05.2018 00:00:00  ...                        200.0
6101  28.05.2018 00:00:00  ...                        500.0
6232  03.05.2018 01:20:20  ...                        250.0

[4 rows x 15 columns]
2026-06-01 16:29:13,870 - services - beneficial_cashback - DEBUG - Делай шесть - получаем сумму по категории Связь = 1200.0
2026-06-01 16:29:13,870 - services - beneficial_cashback - DEBUG - Делай семь - добавляем в словарь очередную категорию и расходы по ней {'Услуги банка': 19.49, 'Супермаркеты': 123.69, 'Связь': 12.0}
2026-06-01 16:29:13,875 - services - beneficial_cashback - DEBUG - Делай четыре - получаем транзакции по очередной категории Транспорт =             Дата операции  ... Сумма операции с округлением
6102  28.05.2018 00:00:00  ...                        485.0
6116  25.05.2018 00:00:00  ...                       1533.0
6202  10.05.2018 03:11:53  ...                       1482.0

[3 rows x 15 columns]
2026-06-01 16:29:13,880 - services - beneficial_cashback - DEBUG - Делай пять - избавляемся от минуса Транспорт =             Дата операции  ... Сумма операции с округлением
6102  28.05.2018 00:00:00  ...                        485.0
6116  25.05.2018 00:00:00  ...                       1533.0
6202  10.05.2018 03:11:53  ...                       1482.0

[3 rows x 15 columns]
2026-06-01 16:29:13,880 - services - beneficial_cashback - DEBUG - Делай шесть - получаем сумму по категории Транспорт = 3500.0
2026-06-01 16:29:13,880 - services - beneficial_cashback - DEBUG - Делай семь - добавляем в словарь очередную категорию и расходы по ней {'Услуги банка': 19.49, 'Супермаркеты': 123.69, 'Связь': 12.0, 'Транспорт': 35.0}
2026-06-01 16:29:13,886 - services - beneficial_cashback - DEBUG - Делай четыре - получаем транзакции по очередной категории Различные товары =             Дата операции  ... Сумма операции с округлением
6105  27.05.2018 13:29:06  ...                         46.0
6215  07.05.2018 16:45:11  ...                       1602.4

[2 rows x 15 columns]
2026-06-01 16:29:13,891 - services - beneficial_cashback - DEBUG - Делай пять - избавляемся от минуса Различные товары =             Дата операции  ... Сумма операции с округлением
6105  27.05.2018 13:29:06  ...                         46.0
6215  07.05.2018 16:45:11  ...                       1602.4

[2 rows x 15 columns]
2026-06-01 16:29:13,891 - services - beneficial_cashback - DEBUG - Делай шесть - получаем сумму по категории Различные товары = 1648.4
2026-06-01 16:29:13,891 - services - beneficial_cashback - DEBUG - Делай семь - добавляем в словарь очередную категорию и расходы по ней {'Услуги банка': 19.49, 'Супермаркеты': 123.69, 'Связь': 12.0, 'Транспорт': 35.0, 'Различные товары': 16.48}
2026-06-01 16:29:13,897 - services - beneficial_cashback - DEBUG - Делай четыре - получаем транзакции по очередной категории Ж/д билеты =             Дата операции  ... Сумма операции с округлением
6106  27.05.2018 12:57:41  ...                        300.0
6107  27.05.2018 07:19:02  ...                         45.0
6109  26.05.2018 18:30:22  ...                         40.0
6115  25.05.2018 14:49:12  ...                        360.0
6207  09.05.2018 11:46:17  ...                        114.0
6225  05.05.2018 11:04:33  ...                        360.0
6237  01.05.2018 19:39:19  ...                        208.0

[7 rows x 15 columns]
2026-06-01 16:29:13,902 - services - beneficial_cashback - DEBUG - Делай пять - избавляемся от минуса Ж/д билеты =             Дата операции  ... Сумма операции с округлением
6106  27.05.2018 12:57:41  ...                        300.0
6107  27.05.2018 07:19:02  ...                         45.0
6109  26.05.2018 18:30:22  ...                         40.0
6115  25.05.2018 14:49:12  ...                        360.0
6207  09.05.2018 11:46:17  ...                        114.0
6225  05.05.2018 11:04:33  ...                        360.0
6237  01.05.2018 19:39:19  ...                        208.0

[7 rows x 15 columns]
2026-06-01 16:29:13,902 - services - beneficial_cashback - DEBUG - Делай шесть - получаем сумму по категории Ж/д билеты = 1427.0
2026-06-01 16:29:13,903 - services - beneficial_cashback - DEBUG - Делай семь - добавляем в словарь очередную категорию и расходы по ней {'Услуги банка': 19.49, 'Супермаркеты': 123.69, 'Связь': 12.0, 'Транспорт': 35.0, 'Различные товары': 16.48, 'Ж/д билеты': 14.27}
2026-06-01 16:29:13,910 - services - beneficial_cashback - DEBUG - Делай четыре - получаем транзакции по очередной категории Рестораны =             Дата операции  ... Сумма операции с округлением
6108  27.05.2018 00:00:00  ...                       345.00
6124  23.05.2018 12:33:02  ...                        53.88
6126  22.05.2018 22:06:18  ...                        27.59
6129  22.05.2018 15:46:21  ...                        55.18
6133  21.05.2018 21:52:51  ...                       277.13
6135  21.05.2018 00:00:00  ...                        55.63
6138  21.05.2018 00:00:00  ...                       122.50
6141  20.05.2018 17:47:46  ...                       245.38
6145  19.05.2018 22:23:05  ...                       362.31
6151  18.05.2018 17:10:05  ...                       119.12
6157  17.05.2018 17:53:20  ...                       663.75
6163  16.05.2018 23:04:38  ...                       258.92
6166  16.05.2018 15:32:51  ...                      1368.46
6172  15.05.2018 14:53:40  ...                       601.49
6176  14.05.2018 17:52:40  ...                      1262.82
6183  13.05.2018 18:15:19  ...                       130.94
6186  12.05.2018 19:23:00  ...                       118.98
6188  12.05.2018 17:10:15  ...                      1198.57
6194  11.05.2018 18:00:37  ...                       179.84
6196  11.05.2018 15:24:37  ...                       111.69

[20 rows x 15 columns]
2026-06-01 16:29:13,917 - services - beneficial_cashback - DEBUG - Делай пять - избавляемся от минуса Рестораны =             Дата операции  ... Сумма операции с округлением
6108  27.05.2018 00:00:00  ...                       345.00
6124  23.05.2018 12:33:02  ...                        53.88
6126  22.05.2018 22:06:18  ...                        27.59
6129  22.05.2018 15:46:21  ...                        55.18
6133  21.05.2018 21:52:51  ...                       277.13
6135  21.05.2018 00:00:00  ...                        55.63
6138  21.05.2018 00:00:00  ...                       122.50
6141  20.05.2018 17:47:46  ...                       245.38
6145  19.05.2018 22:23:05  ...                       362.31
6151  18.05.2018 17:10:05  ...                       119.12
6157  17.05.2018 17:53:20  ...                       663.75
6163  16.05.2018 23:04:38  ...                       258.92
6166  16.05.2018 15:32:51  ...                      1368.46
6172  15.05.2018 14:53:40  ...                       601.49
6176  14.05.2018 17:52:40  ...                      1262.82
6183  13.05.2018 18:15:19  ...                       130.94
6186  12.05.2018 19:23:00  ...                       118.98
6188  12.05.2018 17:10:15  ...                      1198.57
6194  11.05.2018 18:00:37  ...                       179.84
6196  11.05.2018 15:24:37  ...                       111.69

[20 rows x 15 columns]
2026-06-01 16:29:13,917 - services - beneficial_cashback - DEBUG - Делай шесть - получаем сумму по категории Рестораны = 7559.179999999999
2026-06-01 16:29:13,917 - services - beneficial_cashback - DEBUG - Делай семь - добавляем в словарь очередную категорию и расходы по ней {'Услуги банка': 19.49, 'Супермаркеты': 123.69, 'Связь': 12.0, 'Транспорт': 35.0, 'Различные товары': 16.48, 'Ж/д билеты': 14.27, 'Рестораны': 75.59}
2026-06-01 16:29:13,924 - services - beneficial_cashback - DEBUG - Делай четыре - получаем транзакции по очередной категории Фастфуд =             Дата операции  ... Сумма операции с округлением
6110  26.05.2018 17:08:35  ...                       389.00
6200  10.05.2018 15:04:24  ...                       430.58
6204  09.05.2018 13:55:13  ...                       145.00
6205  09.05.2018 13:44:00  ...                       328.00
6212  08.05.2018 11:37:29  ...                       170.90
6214  07.05.2018 16:55:51  ...                       221.80
6216  07.05.2018 13:05:55  ...                       285.00
6222  05.05.2018 14:35:40  ...                        55.90
6223  05.05.2018 14:32:07  ...                       331.80
6227  04.05.2018 14:00:49  ...                       315.00
6229  03.05.2018 14:11:19  ...                       275.00
6234  02.05.2018 16:26:23  ...                        58.00
6235  02.05.2018 15:28:35  ...                       389.00
6239  01.05.2018 16:50:49  ...                        69.90
6240  01.05.2018 16:49:16  ...                       296.80
6241  30.04.2018 17:49:25  ...                       389.00
6246  29.04.2018 11:30:29  ...                       250.00
6249  28.04.2018 16:56:24  ...                       170.90

[18 rows x 15 columns]
2026-06-01 16:29:13,930 - services - beneficial_cashback - DEBUG - Делай пять - избавляемся от минуса Фастфуд =             Дата операции  ... Сумма операции с округлением
6110  26.05.2018 17:08:35  ...                       389.00
6200  10.05.2018 15:04:24  ...                       430.58
6204  09.05.2018 13:55:13  ...                       145.00
6205  09.05.2018 13:44:00  ...                       328.00
6212  08.05.2018 11:37:29  ...                       170.90
6214  07.05.2018 16:55:51  ...                       221.80
6216  07.05.2018 13:05:55  ...                       285.00
6222  05.05.2018 14:35:40  ...                        55.90
6223  05.05.2018 14:32:07  ...                       331.80
6227  04.05.2018 14:00:49  ...                       315.00
6229  03.05.2018 14:11:19  ...                       275.00
6234  02.05.2018 16:26:23  ...                        58.00
6235  02.05.2018 15:28:35  ...                       389.00
6239  01.05.2018 16:50:49  ...                        69.90
6240  01.05.2018 16:49:16  ...                       296.80
6241  30.04.2018 17:49:25  ...                       389.00
6246  29.04.2018 11:30:29  ...                       250.00
6249  28.04.2018 16:56:24  ...                       170.90

[18 rows x 15 columns]
2026-06-01 16:29:13,930 - services - beneficial_cashback - DEBUG - Делай шесть - получаем сумму по категории Фастфуд = 4571.58
2026-06-01 16:29:13,930 - services - beneficial_cashback - DEBUG - Делай семь - добавляем в словарь очередную категорию и расходы по ней {'Услуги банка': 19.49, 'Супермаркеты': 123.69, 'Связь': 12.0, 'Транспорт': 35.0, 'Различные товары': 16.48, 'Ж/д билеты': 14.27, 'Рестораны': 75.59, 'Фастфуд': 45.72}
2026-06-01 16:29:13,936 - services - beneficial_cashback - DEBUG - Делай четыре - получаем транзакции по очередной категории Пополнения =             Дата операции  ... Сумма операции с округлением
6114  25.05.2018 16:47:10  ...                      18200.0
6208  08.05.2018 21:07:17  ...                      12006.4
6209  08.05.2018 21:05:59  ...                      30000.0

[3 rows x 15 columns]
2026-06-01 16:29:13,941 - services - beneficial_cashback - DEBUG - Делай пять - избавляемся от минуса Пополнения =             Дата операции  ... Сумма операции с округлением
6114  25.05.2018 16:47:10  ...                      18200.0
6208  08.05.2018 21:07:17  ...                      12006.4
6209  08.05.2018 21:05:59  ...                      30000.0

[3 rows x 15 columns]
2026-06-01 16:29:13,941 - services - beneficial_cashback - DEBUG - Делай шесть - получаем сумму по категории Пополнения = 60206.4
2026-06-01 16:29:13,941 - services - beneficial_cashback - DEBUG - Делай семь - добавляем в словарь очередную категорию и расходы по ней {'Услуги банка': 19.49, 'Супермаркеты': 123.69, 'Связь': 12.0, 'Транспорт': 35.0, 'Различные товары': 16.48, 'Ж/д билеты': 14.27, 'Рестораны': 75.59, 'Фастфуд': 45.72, 'Пополнения': 602.06}
2026-06-01 16:29:13,947 - services - beneficial_cashback - DEBUG - Делай четыре - получаем транзакции по очередной категории Наличные =             Дата операции  ... Сумма операции с округлением
6118  24.05.2018 12:54:03  ...                       3000.0
6122  23.05.2018 19:02:38  ...                       3132.5
6154  17.05.2018 21:22:29  ...                       3157.5
6187  12.05.2018 19:02:09  ...                       3147.5
6211  08.05.2018 18:54:18  ...                       3000.0

[5 rows x 15 columns]
2026-06-01 16:29:13,952 - services - beneficial_cashback - DEBUG - Делай пять - избавляемся от минуса Наличные =             Дата операции  ... Сумма операции с округлением
6118  24.05.2018 12:54:03  ...                       3000.0
6122  23.05.2018 19:02:38  ...                       3132.5
6154  17.05.2018 21:22:29  ...                       3157.5
6187  12.05.2018 19:02:09  ...                       3147.5
6211  08.05.2018 18:54:18  ...                       3000.0

[5 rows x 15 columns]
2026-06-01 16:29:13,952 - services - beneficial_cashback - DEBUG - Делай шесть - получаем сумму по категории Наличные = 15437.5
2026-06-01 16:29:13,952 - services - beneficial_cashback - DEBUG - Делай семь - добавляем в словарь очередную категорию и расходы по ней {'Услуги банка': 19.49, 'Супермаркеты': 123.69, 'Связь': 12.0, 'Транспорт': 35.0, 'Различные товары': 16.48, 'Ж/д билеты': 14.27, 'Рестораны': 75.59, 'Фастфуд': 45.72, 'Пополнения': 602.06, 'Наличные': 154.38}
2026-06-01 16:29:13,957 - services - beneficial_cashback - DEBUG - Делай четыре - получаем транзакции по очередной категории Переводы =             Дата операции  ... Сумма операции с округлением
6120  23.05.2018 23:37:23  ...                     34427.66
6121  23.05.2018 23:37:21  ...                     34427.66
6206  09.05.2018 13:38:54  ...                       164.00
6238  01.05.2018 17:07:55  ...                       600.00

[4 rows x 15 columns]
2026-06-01 16:29:13,963 - services - beneficial_cashback - DEBUG - Делай пять - избавляемся от минуса Переводы =             Дата операции  ... Сумма операции с округлением
6120  23.05.2018 23:37:23  ...                     34427.66
6121  23.05.2018 23:37:21  ...                     34427.66
6206  09.05.2018 13:38:54  ...                       164.00
6238  01.05.2018 17:07:55  ...                       600.00

[4 rows x 15 columns]
2026-06-01 16:29:13,963 - services - beneficial_cashback - DEBUG - Делай шесть - получаем сумму по категории Переводы = 69619.32
2026-06-01 16:29:13,963 - services - beneficial_cashback - DEBUG - Делай семь - добавляем в словарь очередную категорию и расходы по ней {'Услуги банка': 19.49, 'Супермаркеты': 123.69, 'Связь': 12.0, 'Транспорт': 35.0, 'Различные товары': 16.48, 'Ж/д билеты': 14.27, 'Рестораны': 75.59, 'Фастфуд': 45.72, 'Пополнения': 602.06, 'Наличные': 154.38, 'Переводы': 696.19}
2026-06-01 16:29:13,969 - services - beneficial_cashback - DEBUG - Делай четыре - получаем транзакции по очередной категории Отели =             Дата операции  ... Сумма операции с округлением
6123  23.05.2018 15:24:51  ...                       134.70
6130  22.05.2018 14:28:52  ...                       138.57
6134  21.05.2018 00:00:00  ...                       140.00
6143  20.05.2018 14:24:16  ...                       332.92
6175  15.05.2018 12:25:19  ...                       381.90
6180  14.05.2018 00:00:00  ...                       148.52
6181  14.05.2018 00:00:00  ...                       148.52
6184  13.05.2018 09:19:15  ...                       344.97
6190  12.05.2018 13:20:34  ...                       150.18
6191  12.05.2018 10:31:38  ...                        44.80
6192  12.05.2018 10:27:58  ...                       390.59
6193  11.05.2018 18:33:08  ...                       150.18
6198  11.05.2018 10:15:26  ...                       150.18
6199  10.05.2018 15:49:58  ...                       150.18

[14 rows x 15 columns]
2026-06-01 16:29:13,975 - services - beneficial_cashback - DEBUG - Делай пять - избавляемся от минуса Отели =             Дата операции  ... Сумма операции с округлением
6123  23.05.2018 15:24:51  ...                       134.70
6130  22.05.2018 14:28:52  ...                       138.57
6134  21.05.2018 00:00:00  ...                       140.00
6143  20.05.2018 14:24:16  ...                       332.92
6175  15.05.2018 12:25:19  ...                       381.90
6180  14.05.2018 00:00:00  ...                       148.52
6181  14.05.2018 00:00:00  ...                       148.52
6184  13.05.2018 09:19:15  ...                       344.97
6190  12.05.2018 13:20:34  ...                       150.18
6191  12.05.2018 10:31:38  ...                        44.80
6192  12.05.2018 10:27:58  ...                       390.59
6193  11.05.2018 18:33:08  ...                       150.18
6198  11.05.2018 10:15:26  ...                       150.18
6199  10.05.2018 15:49:58  ...                       150.18

[14 rows x 15 columns]
2026-06-01 16:29:13,975 - services - beneficial_cashback - DEBUG - Делай шесть - получаем сумму по категории Отели = 2806.2099999999996
2026-06-01 16:29:13,975 - services - beneficial_cashback - DEBUG - Делай семь - добавляем в словарь очередную категорию и расходы по ней {'Услуги банка': 19.49, 'Супермаркеты': 123.69, 'Связь': 12.0, 'Транспорт': 35.0, 'Различные товары': 16.48, 'Ж/д билеты': 14.27, 'Рестораны': 75.59, 'Фастфуд': 45.72, 'Пополнения': 602.06, 'Наличные': 154.38, 'Переводы': 696.19, 'Отели': 28.06}
2026-06-01 16:29:13,981 - services - beneficial_cashback - DEBUG - Делай четыре - получаем транзакции по очередной категории Одежда и обувь =             Дата операции  ... Сумма операции с округлением
6139  20.05.2018 21:50:08  ...                       505.45
6140  20.05.2018 21:48:58  ...                       288.19
6173  15.05.2018 14:03:17  ...                      1320.74
6189  12.05.2018 15:53:44  ...                       593.77

[4 rows x 15 columns]
2026-06-01 16:29:13,986 - services - beneficial_cashback - DEBUG - Делай пять - избавляемся от минуса Одежда и обувь =             Дата операции  ... Сумма операции с округлением
6139  20.05.2018 21:50:08  ...                       505.45
6140  20.05.2018 21:48:58  ...                       288.19
6173  15.05.2018 14:03:17  ...                      1320.74
6189  12.05.2018 15:53:44  ...                       593.77

[4 rows x 15 columns]
2026-06-01 16:29:13,986 - services - beneficial_cashback - DEBUG - Делай шесть - получаем сумму по категории Одежда и обувь = 2708.15
2026-06-01 16:29:13,986 - services - beneficial_cashback - DEBUG - Делай семь - добавляем в словарь очередную категорию и расходы по ней {'Услуги банка': 19.49, 'Супермаркеты': 123.69, 'Связь': 12.0, 'Транспорт': 35.0, 'Различные товары': 16.48, 'Ж/д билеты': 14.27, 'Рестораны': 75.59, 'Фастфуд': 45.72, 'Пополнения': 602.06, 'Наличные': 154.38, 'Переводы': 696.19, 'Отели': 28.06, 'Одежда и обувь': 27.08}
2026-06-01 16:29:13,992 - services - beneficial_cashback - DEBUG - Делай четыре - получаем транзакции по очередной категории Образование =             Дата операции  ... Сумма операции с округлением
6158  17.05.2018 17:14:47  ...                       143.98
6159  17.05.2018 16:00:41  ...                       143.98

[2 rows x 15 columns]
2026-06-01 16:29:13,997 - services - beneficial_cashback - DEBUG - Делай пять - избавляемся от минуса Образование =             Дата операции  ... Сумма операции с округлением
6158  17.05.2018 17:14:47  ...                       143.98
6159  17.05.2018 16:00:41  ...                       143.98

[2 rows x 15 columns]
2026-06-01 16:29:13,997 - services - beneficial_cashback - DEBUG - Делай шесть - получаем сумму по категории Образование = 287.96
2026-06-01 16:29:13,997 - services - beneficial_cashback - DEBUG - Делай семь - добавляем в словарь очередную категорию и расходы по ней {'Услуги банка': 19.49, 'Супермаркеты': 123.69, 'Связь': 12.0, 'Транспорт': 35.0, 'Различные товары': 16.48, 'Ж/д билеты': 14.27, 'Рестораны': 75.59, 'Фастфуд': 45.72, 'Пополнения': 602.06, 'Наличные': 154.38, 'Переводы': 696.19, 'Отели': 28.06, 'Одежда и обувь': 27.08, 'Образование': 2.88}
2026-06-01 16:29:14,003 - services - beneficial_cashback - DEBUG - Делай четыре - получаем транзакции по очередной категории Сервис =             Дата операции  ... Сумма операции с округлением
6161  17.05.2018 15:09:16  ...                       186.92

[1 rows x 15 columns]
2026-06-01 16:29:14,009 - services - beneficial_cashback - DEBUG - Делай пять - избавляемся от минуса Сервис =             Дата операции  ... Сумма операции с округлением
6161  17.05.2018 15:09:16  ...                       186.92

[1 rows x 15 columns]
2026-06-01 16:29:14,009 - services - beneficial_cashback - DEBUG - Делай шесть - получаем сумму по категории Сервис = 186.92
2026-06-01 16:29:14,009 - services - beneficial_cashback - DEBUG - Делай семь - добавляем в словарь очередную категорию и расходы по ней {'Услуги банка': 19.49, 'Супермаркеты': 123.69, 'Связь': 12.0, 'Транспорт': 35.0, 'Различные товары': 16.48, 'Ж/д билеты': 14.27, 'Рестораны': 75.59, 'Фастфуд': 45.72, 'Пополнения': 602.06, 'Наличные': 154.38, 'Переводы': 696.19, 'Отели': 28.06, 'Одежда и обувь': 27.08, 'Образование': 2.88, 'Сервис': 1.87}
2026-06-01 16:29:14,015 - services - beneficial_cashback - DEBUG - Делай четыре - получаем транзакции по очередной категории Сувениры =             Дата операции  ... Сумма операции с округлением
6164  16.05.2018 17:22:41  ...                        72.57

[1 rows x 15 columns]
2026-06-01 16:29:14,020 - services - beneficial_cashback - DEBUG - Делай пять - избавляемся от минуса Сувениры =             Дата операции  ... Сумма операции с округлением
6164  16.05.2018 17:22:41  ...                        72.57

[1 rows x 15 columns]
2026-06-01 16:29:14,020 - services - beneficial_cashback - DEBUG - Делай шесть - получаем сумму по категории Сувениры = 72.57
2026-06-01 16:29:14,020 - services - beneficial_cashback - DEBUG - Делай семь - добавляем в словарь очередную категорию и расходы по ней {'Услуги банка': 19.49, 'Супермаркеты': 123.69, 'Связь': 12.0, 'Транспорт': 35.0, 'Различные товары': 16.48, 'Ж/д билеты': 14.27, 'Рестораны': 75.59, 'Фастфуд': 45.72, 'Пополнения': 602.06, 'Наличные': 154.38, 'Переводы': 696.19, 'Отели': 28.06, 'Одежда и обувь': 27.08, 'Образование': 2.88, 'Сервис': 1.87, 'Сувениры': 0.73}
2026-06-01 16:29:14,026 - services - beneficial_cashback - DEBUG - Делай четыре - получаем транзакции по очередной категории Бонусы =             Дата операции  ... Сумма операции с округлением
6169  16.05.2018 00:00:00  ...                       362.00
6170  16.05.2018 00:00:00  ...                       385.11

[2 rows x 15 columns]
2026-06-01 16:29:14,031 - services - beneficial_cashback - DEBUG - Делай пять - избавляемся от минуса Бонусы =             Дата операции  ... Сумма операции с округлением
6169  16.05.2018 00:00:00  ...                       362.00
6170  16.05.2018 00:00:00  ...                       385.11

[2 rows x 15 columns]
2026-06-01 16:29:14,031 - services - beneficial_cashback - DEBUG - Делай шесть - получаем сумму по категории Бонусы = 747.11
2026-06-01 16:29:14,031 - services - beneficial_cashback - DEBUG - Делай семь - добавляем в словарь очередную категорию и расходы по ней {'Услуги банка': 19.49, 'Супермаркеты': 123.69, 'Связь': 12.0, 'Транспорт': 35.0, 'Различные товары': 16.48, 'Ж/д билеты': 14.27, 'Рестораны': 75.59, 'Фастфуд': 45.72, 'Пополнения': 602.06, 'Наличные': 154.38, 'Переводы': 696.19, 'Отели': 28.06, 'Одежда и обувь': 27.08, 'Образование': 2.88, 'Сервис': 1.87, 'Сувениры': 0.73, 'Бонусы': 7.47}
2026-06-01 16:29:14,037 - services - beneficial_cashback - DEBUG - Делай четыре - получаем транзакции по очередной категории Аптеки =             Дата операции  ... Сумма операции с округлением
6179  14.05.2018 00:00:00  ...                       461.99

[1 rows x 15 columns]
2026-06-01 16:29:14,042 - services - beneficial_cashback - DEBUG - Делай пять - избавляемся от минуса Аптеки =             Дата операции  ... Сумма операции с округлением
6179  14.05.2018 00:00:00  ...                       461.99

[1 rows x 15 columns]
2026-06-01 16:29:14,042 - services - beneficial_cashback - DEBUG - Делай шесть - получаем сумму по категории Аптеки = 461.99
2026-06-01 16:29:14,042 - services - beneficial_cashback - DEBUG - Делай семь - добавляем в словарь очередную категорию и расходы по ней {'Услуги банка': 19.49, 'Супермаркеты': 123.69, 'Связь': 12.0, 'Транспорт': 35.0, 'Различные товары': 16.48, 'Ж/д билеты': 14.27, 'Рестораны': 75.59, 'Фастфуд': 45.72, 'Пополнения': 602.06, 'Наличные': 154.38, 'Переводы': 696.19, 'Отели': 28.06, 'Одежда и обувь': 27.08, 'Образование': 2.88, 'Сервис': 1.87, 'Сувениры': 0.73, 'Бонусы': 7.47, 'Аптеки': 4.62}
2026-06-01 16:29:14,047 - services - beneficial_cashback - DEBUG - Делай четыре - получаем транзакции по очередной категории Красота =             Дата операции  ... Сумма операции с округлением
6197  11.05.2018 12:02:10  ...                      1130.25

[1 rows x 15 columns]
2026-06-01 16:29:14,052 - services - beneficial_cashback - DEBUG - Делай пять - избавляемся от минуса Красота =             Дата операции  ... Сумма операции с округлением
6197  11.05.2018 12:02:10  ...                      1130.25

[1 rows x 15 columns]
2026-06-01 16:29:14,052 - services - beneficial_cashback - DEBUG - Делай шесть - получаем сумму по категории Красота = 1130.25
2026-06-01 16:29:14,053 - services - beneficial_cashback - DEBUG - Делай семь - добавляем в словарь очередную категорию и расходы по ней {'Услуги банка': 19.49, 'Супермаркеты': 123.69, 'Связь': 12.0, 'Транспорт': 35.0, 'Различные товары': 16.48, 'Ж/д билеты': 14.27, 'Рестораны': 75.59, 'Фастфуд': 45.72, 'Пополнения': 602.06, 'Наличные': 154.38, 'Переводы': 696.19, 'Отели': 28.06, 'Одежда и обувь': 27.08, 'Образование': 2.88, 'Сервис': 1.87, 'Сувениры': 0.73, 'Бонусы': 7.47, 'Аптеки': 4.62, 'Красота': 11.3}
2026-06-01 16:29:14,058 - services - beneficial_cashback - DEBUG - Делай четыре - получаем транзакции по очередной категории Топливо =             Дата операции  ... Сумма операции с округлением
6217  06.05.2018 00:00:00  ...                        278.0

[1 rows x 15 columns]
2026-06-01 16:29:14,063 - services - beneficial_cashback - DEBUG - Делай пять - избавляемся от минуса Топливо =             Дата операции  ... Сумма операции с округлением
6217  06.05.2018 00:00:00  ...                        278.0

[1 rows x 15 columns]
2026-06-01 16:29:14,063 - services - beneficial_cashback - DEBUG - Делай шесть - получаем сумму по категории Топливо = 278.0
2026-06-01 16:29:14,063 - services - beneficial_cashback - DEBUG - Делай семь - добавляем в словарь очередную категорию и расходы по ней {'Услуги банка': 19.49, 'Супермаркеты': 123.69, 'Связь': 12.0, 'Транспорт': 35.0, 'Различные товары': 16.48, 'Ж/д билеты': 14.27, 'Рестораны': 75.59, 'Фастфуд': 45.72, 'Пополнения': 602.06, 'Наличные': 154.38, 'Переводы': 696.19, 'Отели': 28.06, 'Одежда и обувь': 27.08, 'Образование': 2.88, 'Сервис': 1.87, 'Сувениры': 0.73, 'Бонусы': 7.47, 'Аптеки': 4.62, 'Красота': 11.3, 'Топливо': 2.78}
2026-06-01 16:29:14,069 - services - beneficial_cashback - DEBUG - Делай четыре - получаем транзакции по очередной категории НКО =             Дата операции  ... Сумма операции с округлением
6224  05.05.2018 11:37:01  ...                       1000.0

[1 rows x 15 columns]
2026-06-01 16:29:14,074 - services - beneficial_cashback - DEBUG - Делай пять - избавляемся от минуса НКО =             Дата операции  ... Сумма операции с округлением
6224  05.05.2018 11:37:01  ...                       1000.0

[1 rows x 15 columns]
2026-06-01 16:29:14,074 - services - beneficial_cashback - DEBUG - Делай шесть - получаем сумму по категории НКО = 1000.0
2026-06-01 16:29:14,074 - services - beneficial_cashback - DEBUG - Делай семь - добавляем в словарь очередную категорию и расходы по ней {'Услуги банка': 19.49, 'Супермаркеты': 123.69, 'Связь': 12.0, 'Транспорт': 35.0, 'Различные товары': 16.48, 'Ж/д билеты': 14.27, 'Рестораны': 75.59, 'Фастфуд': 45.72, 'Пополнения': 602.06, 'Наличные': 154.38, 'Переводы': 696.19, 'Отели': 28.06, 'Одежда и обувь': 27.08, 'Образование': 2.88, 'Сервис': 1.87, 'Сувениры': 0.73, 'Бонусы': 7.47, 'Аптеки': 4.62, 'Красота': 11.3, 'Топливо': 2.78, 'НКО': 10.0}
2026-06-01 16:29:14,079 - services - beneficial_cashback - DEBUG - Делай четыре - получаем транзакции по очередной категории Другое =             Дата операции  ... Сумма операции с округлением
6230  03.05.2018 12:21:41  ...                     24491.27
6231  03.05.2018 12:12:49  ...                      5075.71

[2 rows x 15 columns]
2026-06-01 16:29:14,084 - services - beneficial_cashback - DEBUG - Делай пять - избавляемся от минуса Другое =             Дата операции  ... Сумма операции с округлением
6230  03.05.2018 12:21:41  ...                     24491.27
6231  03.05.2018 12:12:49  ...                      5075.71

[2 rows x 15 columns]
2026-06-01 16:29:14,084 - services - beneficial_cashback - DEBUG - Делай шесть - получаем сумму по категории Другое = 29566.98
2026-06-01 16:29:14,085 - services - beneficial_cashback - DEBUG - Делай семь - добавляем в словарь очередную категорию и расходы по ней {'Услуги банка': 19.49, 'Супермаркеты': 123.69, 'Связь': 12.0, 'Транспорт': 35.0, 'Различные товары': 16.48, 'Ж/д билеты': 14.27, 'Рестораны': 75.59, 'Фастфуд': 45.72, 'Пополнения': 602.06, 'Наличные': 154.38, 'Переводы': 696.19, 'Отели': 28.06, 'Одежда и обувь': 27.08, 'Образование': 2.88, 'Сервис': 1.87, 'Сувениры': 0.73, 'Бонусы': 7.47, 'Аптеки': 4.62, 'Красота': 11.3, 'Топливо': 2.78, 'НКО': 10.0, 'Другое': 295.67}
2026-06-01 16:29:14,090 - services - beneficial_cashback - DEBUG - Делай четыре - получаем транзакции по очередной категории Финансы =             Дата операции  ... Сумма операции с округлением
6242  30.04.2018 15:27:35  ...                       1596.5

[1 rows x 15 columns]
2026-06-01 16:29:14,095 - services - beneficial_cashback - DEBUG - Делай пять - избавляемся от минуса Финансы =             Дата операции  ... Сумма операции с округлением
6242  30.04.2018 15:27:35  ...                       1596.5

[1 rows x 15 columns]
2026-06-01 16:29:14,095 - services - beneficial_cashback - DEBUG - Делай шесть - получаем сумму по категории Финансы = 1596.5
2026-06-01 16:29:14,095 - services - beneficial_cashback - DEBUG - Делай семь - добавляем в словарь очередную категорию и расходы по ней {'Услуги банка': 19.49, 'Супермаркеты': 123.69, 'Связь': 12.0, 'Транспорт': 35.0, 'Различные товары': 16.48, 'Ж/д билеты': 14.27, 'Рестораны': 75.59, 'Фастфуд': 45.72, 'Пополнения': 602.06, 'Наличные': 154.38, 'Переводы': 696.19, 'Отели': 28.06, 'Одежда и обувь': 27.08, 'Образование': 2.88, 'Сервис': 1.87, 'Сувениры': 0.73, 'Бонусы': 7.47, 'Аптеки': 4.62, 'Красота': 11.3, 'Топливо': 2.78, 'НКО': 10.0, 'Другое': 295.67, 'Финансы': 15.96}
